Rk,Player,Pos,Age,Tm,G,MP,PER,TS%,3PAr,FTr,ORB%,DRB%,TRB%,AST%,STL%,BLK%,TOV%,USG%,Unnamed: 19,OWS,DWS,WS,WS/48,Unnamed: 24,OBPM,DBPM,BPM,VORP,Conference
1,Alaa Abdelnaby\abdelal01,PF,25,BOS,13,159,9.2,0.485,0.0,0.455,8.5,24.2,16.3,2.7,0.6,1.2,20.5,22.6,,-0.2,0.1,-0.1,-0.032,,-7.1,-3.1,-10.2,-0.3,East
2,Mahmoud Abdul-Rauf\abdulma02,PG,24,DEN,80,2617,16.7,0.521,0.10400000000000001,0.179,1.2,5.8,3.6,24.1,1.6,0.2,9.9,24.9,,4.4,2.4,6.8,0.125,,1.6,-2.1,-0.6,0.9,West
3,Michael Adams\adamsmi01,PG,31,WSB,70,2337,14.2,0.52,0.27399999999999997,0.387,1.8,7.4,4.6,29.8,2.1,0.2,17.0,18.1,,2.9,0.2,3.1,0.063,,0.9,-2.5,-1.6,0.2,East
4,Mark Aguirre\aguirma01,SF,34,LAC,39,859,13.1,0.544,0.267,0.207,3.5,10.8,7.2,18.5,1.2,0.6,15.6,21.6,,0.6,0.3,0.9,0.05,,0.0,-2.1,-2.1,0.0,West
5,Danny Ainge\aingeda01,SG,34,PHO,68,1555,11.8,0.524,0.45399999999999996,0.175,2.0,7.4,4.7,15.9,1.8,0.3,12.3,17.8,,1.9,1.0,2.8,0.087,,0.7,-1.9,-1.3,0.3,West
6,Gary Alexander\alexaga01,PF,24,TOT,11,55,8.6,0.529,0.0,0.643,14.7,16.8,15.8,5.4,2.9,0.0,30.8,21.0,,-0.1,0.1,0.0,-0.032,,-5.1,-0.7,-5.8,-0.1,NaN
6,Gary Alexander\alexaga01,PF,24,MIA,4,12,0.8,0.34700000000000003,0.0,1.0,9.4,19.0,14.2,11.5,0.0,0.0,25.8,13.9,,0.0,0.0,0.0,-0.09,,-6.9,-1.4,-8.3,0.0,East
6,Gary Alexander\alexaga01,PF,24,CLE,7,43,10.7,0.564,0.0,0.583,16.2,16.2,16.2,3.7,3.7,0.0,31.7,23.0,,-0.1,0.1,0.0,-0.015,,-4.6,-0.6,-5.1,0.0,East
7,Victor Alexander\alexavi01,C,24,GSW,69,1318,14.0,0.539,0.026000000000000002,0.257,9.5,15.7,12.6,7.3,1.0,1.5,13.3,20.2,,1.1,1.1,2.3,0.083,,-1.3,-1.4,-2.8,-0.3,West
8,Eric Anderson\anderer01,PF,23,NYK,11,39,15.2,0.45299999999999996,0.11800000000000001,0.8240000000000001,17.8,31.3,24.7,8.5,0.0,1.8,7.9,28.3,,0.0,0.1,0.1,0.126,,-2.5,-2.1,-4.6,0.0,East
9,Greg Anderson\andergr01,PF,29,DET,77,1624,14.6,0.561,0.008,0.41600000000000004,12.3,26.9,19.5,4.6,1.7,2.7,17.7,14.3,,1.4,2.0,3.4,0.10099999999999999,,-2.3,1.3,-1.1,0.4,East
10,Kenny Anderson\anderke01,PG,23,NJN,82,3135,18.2,0.491,0.096,0.306,2.9,8.0,5.4,40.6,2.5,0.3,14.5,24.6,,4.3,3.2,7.5,0.114,,2.7,-0.6,2.1,3.2,East
11,Nick Anderson\anderni01,SG,26,ORL,81,2811,16.9,0.5489999999999999,0.298,0.237,4.6,14.3,9.5,15.7,2.4,0.7,12.4,20.2,,4.6,3.0,7.6,0.129,,2.4,0.6,3.0,3.6,East
12,Ron Anderson\anderro01,SF,35,TOT,21,356,9.9,0.499,0.302,0.267,4.9,11.8,8.3,6.8,1.1,0.5,9.4,12.7,,0.3,0.2,0.5,0.061,,-1.8,-1.4,-3.2,-0.1,NaN
12,Ron Anderson\anderro01,SF,35,NJN,11,176,9.5,0.456,0.27899999999999997,0.27899999999999997,4.7,11.0,7.8,4.8,1.4,0.7,2.0,11.8,,0.2,0.2,0.3,0.09,,-2.0,-0.5,-2.5,0.0,East
12,Ron Anderson\anderro01,SF,35,WSB,10,180,10.2,0.5429999999999999,0.326,0.256,5.1,12.6,8.8,8.7,0.8,0.3,15.8,13.6,,0.1,0.0,0.1,0.033,,-1.6,-2.3,-3.9,-0.1,East
13,Willie Anderson\anderwi01,SG,27,SAS,80,2488,14.2,0.523,0.081,0.204,3.2,7.5,5.5,21.6,1.5,1.2,14.4,19.2,,3.2,2.3,5.6,0.107,,0.3,-0.3,0.0,1.3,West
14,Greg Anthony\anthogr01,PG,26,NYK,80,1994,13.0,0.48700000000000004,0.28,0.294,2.5,8.1,5.4,27.3,3.0,0.5,16.5,17.0,,1.6,3.9,5.5,0.132,,-0.6,1.6,1.0,1.5,East
15,B.J. Armstrong\armstbj01,PG,26,CHI,82,2770,14.5,0.547,0.134,0.225,1.2,6.0,3.6,18.0,1.5,0.2,10.6,19.8,,4.9,2.6,7.5,0.13,,0.6,-1.5,-0.9,0.8,East
16,Vincent Askew\askewvi01,SG,27,SEA,80,1690,15.9,0.551,0.055,0.37200000000000005,4.2,8.7,6.5,16.8,2.2,0.8,9.6,18.5,,3.9,2.1,6.0,0.16899999999999998,,0.8,-0.2,0.6,1.1,West
17,Keith Askins\askinke01,SF,26,MIA,37,319,8.2,0.46,0.239,0.114,11.7,17.5,14.6,5.9,1.8,0.2,18.5,15.3,,-0.1,0.4,0.3,0.044000000000000004,,-2.8,-0.9,-3.7,-0.1,East
18,Stacey Augmon\augmost01,SG,25,ATL,82,2605,17.9,0.5760000000000001,0.008,0.506,7.5,9.2,8.3,11.0,2.9,1.1,12.3,19.8,,5.7,4.0,9.7,0.179,,1.7,1.6,3.3,3.5,East
19,Isaac Austin\austiis01,C,24,PHI,14,201,14.1,0.473,0.015,0.348,13.6,24.1,18.8,13.2,1.2,3.0,18.3,20.1,,0.0,0.2,0.2,0.04,,-3.1,0.7,-2.5,0.0,East
20,Anthony Avent\aventan01,PF,24,TOT,74,1371,9.2,0.43,0.0,0.309,11.7,16.4,14.0,6.8,1.2,1.5,15.8,16.9,,-0.6,1.0,0.4,0.013999999999999999,,-4.1,-0.6,-4.6,-0.9,NaN
20,Anthony Avent\aventan01,PF,24,MIL,33,695,11.3,0.466,0.0,0.34600000000000003,9.4,16.5,12.7,7.4,1.2,1.9,14.1,19.0,,-0.1,0.4,0.3,0.022000000000000002,,-4.0,-1.0,-5.1,-0.5,East
20,Anthony Avent\aventan01,PF,24,ORL,41,676,7.1,0.38,0.0,0.259,14.1,16.4,15.3,6.2,1.3,1.0,18.2,14.6,,-0.5,0.6,0.1,0.006,,-4.1,0.0,-4.2,-0.4,East
21,John Bagley\baglejo01,PG,33,ATL,3,13,7.6,0.34700000000000003,0.0,1.0,0.0,8.5,4.2,28.1,0.0,0.0,0.0,9.5,,0.0,0.0,0.0,0.105,,-5.2,-3.7,-8.9,0.0,East
22,Thurl Bailey\baileth01,PF,32,MIN,79,1297,15.2,0.56,0.004,0.327,6.1,13.2,9.7,7.2,0.8,2.9,10.0,19.5,,1.9,0.7,2.6,0.09699999999999999,,-1.3,-1.2,-2.5,-0.2,West
23,Vin Baker\bakervi01,C,22,MIL,82,2560,16.1,0.526,0.006,0.473,11.8,16.3,13.9,10.6,1.2,3.0,13.4,20.5,,2.6,1.7,4.4,0.08199999999999999,,-0.3,0.3,0.0,1.3,East
24,Charles Barkley*\barklch01,PF,30,PHO,65,2298,22.8,0.563,0.17,0.43200000000000005,9.8,25.6,17.8,20.0,2.2,1.0,14.2,26.5,,5.6,3.3,8.8,0.185,,4.1,1.5,5.7,4.5,West
25,Dana Barros\barroda01,PG,26,PHI,81,2519,16.0,0.5710000000000001,0.40299999999999997,0.165,1.2,7.3,4.3,27.2,2.1,0.1,15.1,19.1,,3.9,0.8,4.7,0.08900000000000001,,2.3,-2.5,-0.2,1.2,East
26,Jon Barry\barryjo01,SG,24,MIL,72,1242,14.6,0.511,0.301,0.319,3.2,10.8,6.8,21.0,4.2,0.9,16.0,18.1,,0.8,1.3,2.1,0.08,,-0.5,0.4,-0.1,0.6,East
27,John Battle\battljo01,SG,31,CLE,51,814,12.2,0.535,0.07,0.355,1.0,4.6,2.8,16.2,1.4,0.1,11.5,19.6,,0.9,0.5,1.4,0.084,,-1.6,-3.0,-4.6,-0.5,East
28,Benoit Benjamin\benjabe01,C,29,NJN,77,1817,14.2,0.525,0.0,0.363,7.7,21.5,14.5,3.8,1.0,3.1,12.4,18.1,,1.4,2.6,4.1,0.107,,-2.8,0.4,-2.4,-0.2,East
29,Tony Bennett\benneto01,PG,24,CHH,74,983,9.9,0.46,0.285,0.057,1.9,8.1,5.1,22.2,2.0,0.1,12.9,13.4,,0.5,0.5,0.9,0.045,,-1.7,-1.7,-3.4,-0.3,East
30,David Benoit\benoida01,SF,25,UTA,55,1070,10.9,0.44799999999999995,0.163,0.244,9.7,18.2,14.0,3.2,1.1,2.4,8.5,18.1,,0.1,1.5,1.6,0.07200000000000001,,-3.1,-0.2,-3.3,-0.3,West
31,Rolando Blackman\blackro01,SG,34,NYK,55,969,11.3,0.51,0.228,0.14400000000000002,2.7,8.0,5.4,12.7,1.3,0.4,10.1,19.7,,0.9,1.5,2.4,0.11800000000000001,,-1.4,-0.5,-1.8,0.0,East
32,Mookie Blaylock\blaylmo01,PG,26,ATL,81,2915,19.6,0.48700000000000004,0.316,0.147,4.4,11.6,8.0,40.4,3.7,1.0,14.6,19.8,,4.9,5.3,10.2,0.168,,3.4,1.9,5.3,5.4,East
33,Corie Blount\blounco01,PF,25,CHI,67,690,12.3,0.478,0.0,0.431,12.9,20.0,16.5,11.4,1.4,3.3,20.1,16.6,,0.0,1.2,1.2,0.085,,-3.3,2.1,-1.2,0.1,East
34,Muggsy Bogues\boguemu01,PG,29,CHH,77,2746,16.2,0.51,0.016,0.20600000000000002,3.2,9.2,6.3,39.2,2.4,0.0,17.3,15.4,,4.8,1.7,6.4,0.11199999999999999,,1.1,-1.0,0.1,1.5,East
35,Manute Bol\bolma01,C,31,TOT,14,116,3.1,0.21100000000000002,0.158,0.0,2.9,14.6,8.7,1.1,0.9,8.8,20.8,8.9,,-0.3,0.1,-0.2,-0.066,,-10.4,2.4,-8.0,-0.2,NaN
35,Manute Bol\bolma01,C,31,MIA,8,61,-3.4,0.083,0.25,0.0,1.9,18.7,10.2,0.0,0.0,6.8,29.4,12.0,,-0.3,0.1,-0.3,-0.19699999999999998,,-14.5,0.3,-14.1,-0.2,East
35,Manute Bol\bolma01,C,31,WSB,2,6,10.7,,,,0.0,19.9,9.7,20.6,0.0,10.4,,0.0,,0.0,0.0,0.0,0.10400000000000001,,-6.2,5.5,-0.7,0.0,East
35,Manute Bol\bolma01,C,31,PHI,4,49,10.2,0.429,0.0,0.0,4.5,9.0,6.7,0.0,2.0,11.1,0.0,6.2,,0.0,0.1,0.1,0.076,,-5.9,4.7,-1.2,0.0,East
36,Walter Bond\bondwa01,SG,24,UTA,56,559,9.1,0.507,0.34600000000000003,0.256,4.2,8.3,6.3,8.0,1.5,1.5,8.9,15.1,,0.5,0.6,1.0,0.08900000000000001,,-1.1,-0.2,-1.3,0.1,West
37,Anthony Bonner\bonnean01,SF,25,NYK,73,1402,12.6,0.56,0.0,0.365,12.4,15.4,13.9,9.4,2.8,0.7,21.0,13.2,,0.9,3.2,4.1,0.14,,-0.8,3.7,2.9,1.7,East
38,Anthony Bowie\bowiean01,SG,30,ORL,70,948,11.5,0.515,0.062,0.17,3.5,10.7,7.1,15.4,1.7,0.8,15.7,16.6,,0.6,0.7,1.3,0.065,,-2.2,-0.7,-2.9,-0.2,East
39,Sam Bowie\bowiesa01,C,32,LAL,25,556,13.6,0.535,0.023,0.483,5.1,21.2,12.8,12.1,0.4,3.2,17.1,19.1,,0.4,0.4,0.8,0.073,,-3.0,0.0,-3.1,-0.1,West
40,Shawn Bradley\bradlsh01,C,21,PHI,49,1385,11.6,0.446,0.006,0.342,7.7,16.5,12.1,11.1,1.6,6.4,20.8,22.4,,-2.7,1.6,-1.1,-0.039,,-5.4,2.9,-2.6,-0.2,East
41,Terrell Brandon\brandte01,PG,23,CLE,73,1548,15.0,0.489,0.057999999999999996,0.29600000000000004,2.8,9.1,6.0,27.9,2.8,0.7,15.2,21.1,,1.1,1.8,2.9,0.091,,-0.8,-0.2,-1.0,0.4,East
42,Randy Breuer\breuera01,C,33,SAC,26,247,5.4,0.295,0.038,0.5379999999999999,6.5,18.5,12.4,4.2,1.2,4.9,21.9,7.0,,-0.3,0.3,0.0,-0.006999999999999999,,-7.1,3.1,-3.9,-0.1,West
43,Frank Brickowski\brickfr01,C,34,TOT,71,2094,14.3,0.54,0.027000000000000003,0.337,4.5,17.9,11.0,17.2,1.9,0.8,17.3,21.5,,1.0,1.7,2.7,0.062,,-1.2,0.0,-1.2,0.4,NaN
43,Frank Brickowski\brickfr01,C,34,MIL,43,1441,14.7,0.54,0.035,0.36700000000000005,4.0,19.1,11.1,19.1,1.8,0.7,17.1,21.9,,0.8,1.1,1.9,0.065,,-1.1,0.0,-1.1,0.3,East
43,Frank Brickowski\brickfr01,C,34,CHH,28,653,13.4,0.541,0.009000000000000001,0.27,5.6,15.3,10.6,13.0,2.1,1.0,17.7,20.7,,0.2,0.6,0.7,0.055,,-1.5,0.2,-1.3,0.1,East
44,Kevin Brooks\brookke01,SF,24,DEN,34,190,5.3,0.41100000000000003,0.23199999999999998,0.10099999999999999,3.0,9.1,6.1,2.6,0.0,0.7,10.4,25.9,,-0.4,0.1,-0.2,-0.062,,-6.9,-5.4,-12.3,-0.5,West
45,Scott Brooks\brooksc01,PG,28,HOU,73,1225,12.2,0.584,0.21100000000000002,0.294,1.0,7.9,4.6,17.6,2.1,0.1,14.4,13.8,,1.8,1.6,3.3,0.131,,-1.2,-0.2,-1.4,0.2,West
46,Chucky Brown\brownch01,SF,25,DAL,1,10,10.8,1.042,0.0,1.0,0.0,12.1,5.6,0.0,0.0,0.0,0.0,6.1,,0.0,0.0,0.0,0.183,,-1.3,-4.8,-6.1,0.0,West
47,Dee Brown\brownde01,SG,25,BOS,77,2867,16.0,0.5329999999999999,0.094,0.214,2.5,9.4,5.9,18.2,2.7,1.0,10.1,18.8,,4.1,2.3,6.4,0.10800000000000001,,1.7,0.8,2.4,3.2,East
48,Mike Brown\brownmi01,C,30,MIN,82,1921,7.2,0.479,0.008,0.45399999999999996,7.4,19.6,13.6,5.4,1.3,1.0,19.4,8.8,,0.0,1.6,1.5,0.038,,-3.7,1.1,-2.6,-0.3,West
49,P.J. Brown\brownpj01,C,24,NJN,79,1950,12.2,0.48,0.015,0.37799999999999995,10.0,16.8,13.3,6.7,1.8,3.0,13.3,11.7,,1.4,2.8,4.2,0.105,,-1.7,3.0,1.3,1.6,East
50,Randy Brown\brownra02,PG,25,SAC,61,1041,9.3,0.47200000000000003,0.016,0.34700000000000003,4.1,7.7,5.9,18.3,3.0,0.9,20.6,14.8,,-0.4,0.8,0.4,0.017,,-3.3,0.6,-2.7,-0.2,West
51,Mark Bryant\bryanma01,C,28,POR,79,1441,9.9,0.514,0.003,0.271,8.5,15.6,11.9,3.5,1.1,1.3,13.3,14.0,,0.9,1.4,2.3,0.076,,-2.8,-0.2,-3.0,-0.4,West
52,Jud Buechler\buechju01,SF,25,GSW,36,218,14.9,0.5710000000000001,0.345,0.23800000000000002,6.6,9.3,7.9,10.6,1.8,0.3,11.5,19.8,,0.4,0.1,0.5,0.11199999999999999,,1.2,-2.8,-1.6,0.0,West
53,Matt Bullard\bullama01,PF,26,HOU,65,725,8.8,0.47600000000000003,0.6809999999999999,0.115,3.7,8.9,6.4,12.6,1.0,0.5,10.5,16.2,,0.2,0.8,1.0,0.068,,-1.2,-1.4,-2.6,-0.1,West
54,Evers Burns\burnsev01,PF,22,SAC,23,143,9.7,0.43,0.0,0.418,9.7,13.3,11.5,9.7,2.1,1.3,9.7,21.3,,-0.1,0.1,0.1,0.02,,-3.6,-1.2,-4.8,-0.1,West
55,Scott Burrell\burresc01,SF,23,CHH,51,767,10.4,0.461,0.026000000000000002,0.299,6.8,12.0,9.5,11.1,2.4,1.3,14.5,17.2,,-0.2,0.7,0.5,0.03,,-2.8,0.4,-2.3,-0.1,East
56,Willie Burton\burtowi01,SF,25,MIA,53,697,15.6,0.526,0.053,0.5579999999999999,8.1,14.0,11.1,8.9,1.3,2.0,13.3,25.1,,0.9,0.7,1.6,0.113,,-1.4,-1.7,-3.1,-0.2,East
57,Mitchell Butler\butlemi02,SG,23,WSB,75,1321,13.0,0.521,0.012,0.431,9.2,10.7,10.0,8.9,2.0,0.9,14.9,19.0,,0.7,0.4,1.1,0.04,,-1.2,-1.3,-2.5,-0.2,East
58,Michael Cage\cagemi01,C,32,SEA,82,1708,11.9,0.545,0.003,0.23600000000000002,11.3,19.5,15.4,3.5,2.3,1.6,12.8,10.0,,1.9,3.0,4.9,0.13699999999999998,,-1.2,1.9,0.7,1.2,West
59,Elden Campbell\campbel01,PF,25,LAL,76,2253,15.2,0.503,0.002,0.33799999999999997,7.7,17.7,12.5,5.7,1.4,4.1,9.6,19.2,,2.0,2.2,4.2,0.08900000000000001,,-1.9,0.7,-1.2,0.5,West
60,Tony Campbell\campbto01,SF,31,TOT,63,1214,13.3,0.491,0.055,0.23399999999999999,6.8,10.7,8.6,11.4,2.1,0.8,12.9,22.8,,0.4,1.2,1.5,0.061,,-1.8,-0.9,-2.7,-0.2,NaN
60,Tony Campbell\campbto01,SF,31,NYK,22,379,13.3,0.544,0.023,0.289,8.5,9.4,9.0,13.2,2.7,0.2,16.7,20.0,,0.3,0.7,1.1,0.139,,-0.8,1.6,0.8,0.3,East
60,Tony Campbell\campbto01,SF,31,DAL,41,835,13.3,0.473,0.065,0.21600000000000003,6.0,11.3,8.5,10.6,1.8,1.1,11.6,24.1,,0.0,0.4,0.5,0.026000000000000002,,-2.3,-2.0,-4.3,-0.5,West
61,Antoine Carr\carran01,PF,32,SAS,34,465,12.8,0.534,0.006,0.363,3.1,9.0,6.2,5.1,1.0,3.1,7.5,19.3,,0.7,0.5,1.2,0.124,,-2.1,-0.9,-3.0,-0.1,West
62,Bill Cartwright\cartwbi01,C,36,CHI,42,780,10.1,0.544,0.0,0.298,6.4,16.4,11.4,10.5,0.5,0.7,18.8,15.1,,0.4,0.9,1.3,0.077,,-3.1,-0.1,-3.2,-0.2,East
63,Sam Cassell\cassesa01,PG,24,HOU,66,1122,13.1,0.506,0.22699999999999998,0.276,2.6,10.2,6.6,25.8,2.7,0.4,17.8,20.9,,0.4,1.8,2.2,0.09300000000000001,,-1.5,0.2,-1.3,0.2,West
64,Duane Causwell\causwdu01,C,25,SAC,41,674,11.8,0.545,0.0,0.496,10.8,19.6,15.1,2.3,1.4,4.6,16.5,12.5,,0.4,0.8,1.2,0.085,,-3.5,1.2,-2.3,0.0,West
65,Cedric Ceballos\cebalce01,SF,24,PHO,53,1602,20.9,0.5660000000000001,0.011000000000000001,0.278,10.9,13.3,12.1,9.4,1.8,0.9,9.4,25.8,,4.1,1.4,5.5,0.166,,2.7,-1.4,1.4,1.4,West
66,Tom Chambers\chambto01,PF,34,UTA,80,1838,13.4,0.512,0.06,0.376,5.5,14.8,10.2,6.8,1.1,1.2,9.3,23.1,,1.8,2.1,3.9,0.10099999999999999,,-1.6,-0.9,-2.5,-0.2,West
67,Rex Chapman\chapmre01,SG,26,WSB,60,2025,16.9,0.5720000000000001,0.191,0.23800000000000002,3.2,5.2,4.2,15.3,1.5,0.2,10.9,22.7,,4.2,-0.3,3.9,0.092,,2.7,-3.3,-0.5,0.7,East
68,Calbert Cheaney\cheanca01,SG,22,WSB,65,1604,14.0,0.508,0.033,0.231,6.3,7.6,6.9,12.9,2.0,0.4,12.3,23.4,,1.0,0.2,1.2,0.035,,-0.5,-2.3,-2.8,-0.3,East
69,Pete Chilcutt\chilcpe01,PF,25,TOT,76,1365,12.7,0.47200000000000003,0.033,0.145,10.1,19.8,14.9,9.7,1.9,1.8,13.4,17.2,,0.1,1.4,1.5,0.052000000000000005,,-2.5,0.9,-1.6,0.1,NaN
69,Pete Chilcutt\chilcpe01,PF,25,SAC,46,974,13.6,0.47700000000000004,0.003,0.159,11.0,19.6,15.2,11.2,2.2,1.8,13.8,17.6,,0.2,1.1,1.3,0.063,,-1.8,1.4,-0.4,0.4,West
69,Pete Chilcutt\chilcpe01,PF,25,DET,30,391,10.5,0.457,0.11699999999999999,0.10800000000000001,8.1,20.4,14.2,5.7,1.3,1.8,12.5,16.1,,-0.1,0.3,0.2,0.025,,-4.2,-0.4,-4.6,-0.3,East
70,Doug Christie\chrisdo01,SG,23,LAL,65,1515,13.5,0.514,0.212,0.37,6.4,10.6,8.4,13.4,3.0,1.2,17.6,22.1,,0.1,1.2,1.4,0.044000000000000004,,-0.5,0.0,-0.5,0.6,West
71,Ben Coleman\colembe01,PF,32,DET,9,77,11.6,0.491,0.0,0.32,14.2,23.4,18.7,0.0,1.3,1.7,19.7,20.2,,-0.1,0.1,0.0,-0.004,,-7.4,-5.3,-12.7,-0.2,East
72,Derrick Coleman\colemde01,PF,26,NJN,77,2778,21.4,0.534,0.1,0.469,9.8,23.5,16.5,15.6,1.2,3.2,12.5,25.3,,5.5,4.4,9.9,0.171,,2.4,2.1,4.5,4.5,East
73,Bimbo Coles\colesbi01,PG,25,MIA,76,1726,13.0,0.51,0.191,0.252,3.3,7.2,5.2,22.7,2.2,0.5,15.7,17.1,,1.8,1.4,3.2,0.08900000000000001,,-0.1,-1.0,-1.1,0.4,East
74,Marty Conlon\conloma01,C,26,TOT,30,579,15.0,0.619,0.012,0.321,10.4,16.6,13.5,8.7,0.8,0.9,14.9,16.3,,1.2,0.3,1.4,0.12,,0.5,-1.4,-1.0,0.2,NaN
74,Marty Conlon\conloma01,C,26,CHH,16,378,16.7,0.648,0.009000000000000001,0.349,10.2,15.6,13.0,10.9,0.7,1.1,15.5,16.8,,0.9,0.2,1.1,0.145,,1.6,-0.7,0.9,0.3,East
74,Marty Conlon\conloma01,C,26,WSB,14,201,11.8,0.5589999999999999,0.018000000000000002,0.268,10.9,18.4,14.5,4.5,1.0,0.3,13.8,15.5,,0.3,0.1,0.3,0.073,,-1.8,-2.7,-4.5,-0.1,East
75,Lester Conner\connele01,PG,34,IND,11,169,12.0,0.381,0.079,0.158,7.1,9.2,8.2,25.5,4.3,0.4,18.1,12.9,,0.0,0.3,0.3,0.075,,-1.5,2.2,0.7,0.1,East
76,Anthony Cook\cookan01,PF,26,TOT,25,203,11.3,0.47700000000000004,0.019,0.46299999999999997,10.7,21.6,15.8,3.1,0.8,4.6,15.6,16.4,,-0.1,0.2,0.1,0.02,,-5.9,-0.9,-6.7,-0.2,NaN
76,Anthony Cook\cookan01,PF,26,ORL,2,2,-7.9,0.0,0.0,0.0,0.0,0.0,0.0,0.0,0.0,62.9,50.0,42.7,,0.0,0.0,0.0,-0.9490000000000001,,-43.1,30.5,-12.6,0.0,East
76,Anthony Cook\cookan01,PF,26,MIL,23,201,11.5,0.484,0.019,0.47200000000000003,10.8,21.8,16.0,3.1,0.8,4.0,14.7,16.1,,0.0,0.2,0.1,0.028999999999999998,,-5.5,-1.2,-6.7,-0.2,East
77,Duane Cooper\coopedu01,PG,24,PHO,23,136,7.9,0.504,0.171,0.366,1.7,5.7,3.7,27.9,1.1,0.0,29.6,20.8,,-0.2,0.0,-0.1,-0.038,,-5.1,-4.4,-9.5,-0.3,West
78,Tyrone Corbin\corbity01,SF,31,UTA,82,2149,11.8,0.506,0.049,0.245,8.2,12.7,10.4,8.3,2.4,0.8,12.4,15.3,,1.6,2.8,4.4,0.099,,-0.6,2.0,1.4,1.8,West
79,Chris Corchiani\corchch01,PG,25,BOS,51,467,10.4,0.528,0.40399999999999997,0.40399999999999997,1.9,8.7,5.3,24.5,2.4,0.3,25.6,13.8,,0.1,0.3,0.4,0.038,,-2.1,-1.4,-3.5,-0.2,East
80,Joe Courtney\courtjo01,PF,24,TOT,52,345,13.4,0.498,0.02,0.318,9.0,9.5,9.2,6.9,1.5,2.3,11.1,23.4,,0.2,0.2,0.4,0.054000000000000006,,-2.8,-2.5,-5.3,-0.3,NaN
80,Joe Courtney\courtjo01,PF,24,PHO,33,168,17.9,0.5589999999999999,0.0,0.41,9.5,8.6,9.0,8.5,0.9,2.2,9.8,25.5,,0.4,0.1,0.5,0.142,,0.0,-3.2,-3.2,-0.1,West
80,Joe Courtney\courtjo01,PF,24,MIL,19,177,9.0,0.424,0.043,0.214,8.6,10.3,9.4,5.5,2.0,2.3,12.6,21.4,,-0.2,0.1,-0.1,-0.031,,-5.5,-1.9,-7.3,-0.2,East
81,John Crotty\crottjo01,PG,24,UTA,45,313,17.5,0.575,0.242,0.364,4.1,7.3,5.7,37.0,2.5,0.2,19.0,20.0,,0.7,0.3,1.0,0.16,,2.0,-1.8,0.1,0.2,West
82,Terry Cummings\cummite01,PF,32,SAS,59,1133,12.7,0.452,0.005,0.25,13.8,15.6,14.8,6.9,1.5,0.8,11.0,21.1,,0.4,1.4,1.8,0.076,,-1.8,-0.9,-2.8,-0.2,West
83,Earl Cureton\curetea01,PF,36,HOU,2,30,2.2,0.225,0.0,0.25,15.7,28.1,22.2,0.0,0.0,0.0,10.1,14.6,,-0.1,0.0,0.0,-0.06,,-11.7,-5.6,-17.3,-0.1,West
84,Dell Curry\curryde01,SG,29,CHH,82,2173,18.5,0.5429999999999999,0.32299999999999995,0.114,3.7,9.4,6.7,16.7,2.2,0.8,8.9,26.5,,3.6,1.4,5.0,0.11,,3.7,-1.9,1.8,2.1,East
85,Michael Curry\currymi01,SG,25,PHI,10,43,-3.9,0.28600000000000003,0.14300000000000002,0.28600000000000003,0.0,2.6,1.3,3.3,1.2,0.0,16.0,19.0,,-0.2,0.0,-0.2,-0.217,,-11.2,-4.2,-15.5,-0.1,East
86,Lloyd Daniels\daniell01,SG,26,SAS,65,980,11.2,0.462,0.336,0.172,5.4,7.2,6.4,14.5,1.6,1.1,13.0,21.0,,0.2,0.9,1.1,0.054000000000000006,,-0.9,-1.4,-2.3,-0.1,West
87,Brad Daugherty\daughbr01,C,28,CLE,50,1838,18.4,0.5660000000000001,0.0,0.5379999999999999,8.1,24.1,16.1,12.9,1.2,1.3,12.8,21.0,,3.9,2.6,6.4,0.168,,0.9,1.3,2.2,1.9,East
88,Antonio Davis\davisan01,PF,25,IND,81,1732,15.2,0.561,0.002,0.711,13.2,20.3,16.9,4.7,1.3,3.3,16.1,16.8,,2.3,2.8,5.0,0.139,,-0.9,1.1,0.2,1.0,East
89,Brian Davis\davisbr02,SF,23,MIN,68,374,9.2,0.42,0.024,0.54,6.7,10.4,8.6,9.1,2.2,0.7,10.9,20.4,,-0.2,0.2,0.0,0.0,,-4.7,-1.8,-6.5,-0.4,West
90,Dale Davis\davisda01,PF,24,IND,66,2292,15.9,0.542,0.002,0.505,14.7,21.3,18.1,6.5,1.1,3.2,12.5,15.6,,3.5,3.6,7.0,0.147,,0.8,2.2,2.9,2.9,East
91,Hubert Davis\davishu01,SG,23,NYK,56,1333,14.0,0.5579999999999999,0.261,0.204,2.0,3.7,2.8,20.4,1.6,0.2,12.1,20.6,,2.3,1.9,4.2,0.152,,0.9,-1.4,-0.5,0.5,East
92,Terry Davis\daviste01,PF,26,DAL,15,286,9.6,0.436,0.0,0.203,11.0,18.7,14.5,3.0,1.6,0.2,7.2,10.3,,0.2,0.2,0.4,0.059000000000000004,,-3.6,-1.1,-4.6,-0.2,West
93,Johnny Dawkins\dawkijo01,PG,30,PHI,72,1343,13.5,0.509,0.248,0.23600000000000002,2.3,7.8,5.0,30.1,2.4,0.2,19.2,18.7,,0.6,0.6,1.1,0.040999999999999995,,-1.1,-2.4,-3.5,-0.5,East
94,Todd Day\dayto01,SG,24,MIL,76,2127,13.5,0.488,0.175,0.392,5.9,11.2,8.4,10.7,2.5,1.7,11.5,22.8,,0.6,1.5,2.1,0.047,,-1.1,-0.6,-1.8,0.1,East
95,Terry Dehere\deherte01,PG,22,LAC,64,759,9.5,0.45299999999999996,0.16699999999999998,0.237,3.5,6.0,4.8,15.2,1.8,0.2,13.9,23.9,,-0.7,0.2,-0.4,-0.027999999999999997,,-3.5,-3.3,-6.8,-0.9,West
96,Vinny Del Negro\delnevi01,SG,27,SAS,77,1949,15.3,0.545,0.068,0.268,1.6,7.4,4.6,25.5,1.7,0.0,12.6,18.6,,4.0,1.7,5.7,0.14,,0.9,-1.7,-0.8,0.6,West
97,Bison Dele\delebi01,C,24,DEN,80,1507,16.5,0.574,0.006,0.455,10.5,22.0,16.4,5.2,1.6,3.6,15.7,18.7,,1.8,2.9,4.7,0.151,,-1.4,1.4,0.0,0.8,West
98,Dell Demps\dempsde01,PG,23,GSW,2,11,4.5,0.29100000000000004,0.0,0.33299999999999996,0.0,0.0,0.0,12.9,8.8,0.0,12.7,29.5,,-0.1,0.0,0.0,-0.207,,-10.9,-1.5,-12.4,0.0,West
99,Vlade Divac\divacvl01,C,25,LAL,79,2685,18.8,0.546,0.053,0.33899999999999997,10.9,24.0,17.2,17.2,1.7,2.6,15.7,19.1,,4.2,3.2,7.4,0.132,,1.5,2.3,3.8,3.9,West
100,Sherman Douglas\douglsh01,PG,27,BOS,78,2789,14.3,0.5,0.061,0.3,2.8,5.0,3.9,35.8,1.6,0.2,18.3,19.8,,1.9,0.8,2.7,0.046,,0.2,-2.6,-2.4,-0.3,East
101,Greg Dreiling\dreilgr01,C,31,DAL,54,685,7.2,0.547,0.01,0.365,7.2,21.8,13.9,6.5,1.2,2.4,26.3,10.1,,0.0,0.6,0.6,0.04,,-4.9,0.9,-4.0,-0.4,West
102,Clyde Drexler*\drexlcl01,SG,31,POR,68,2334,18.4,0.514,0.198,0.33299999999999996,6.9,14.2,10.4,21.9,2.0,0.9,11.6,25.0,,4.2,2.7,6.8,0.14,,3.3,0.6,3.9,3.5,West
103,Kevin Duckworth\duckwke01,C,29,WSB,69,1485,8.2,0.457,0.0,0.299,8.0,17.8,12.8,5.5,1.2,1.5,16.8,17.3,,-1.1,0.6,-0.5,-0.017,,-4.5,-1.1,-5.7,-1.4,East
104,Chris Dudley\dudlech02,C,28,POR,6,86,6.8,0.262,0.0,0.16,19.4,10.6,15.2,7.4,2.3,2.2,7.0,13.6,,-0.1,0.1,0.0,0.022000000000000002,,-3.0,1.6,-1.5,0.0,West
105,Joe Dumars*\dumarjo01,SG,30,DET,69,2591,16.2,0.5579999999999999,0.28600000000000003,0.295,1.5,5.0,3.2,16.6,1.2,0.1,11.2,24.0,,4.6,-0.1,4.4,0.08199999999999999,,2.6,-3.1,-0.5,1.0,East
106,Acie Earl\earlac01,C,23,BOS,74,1149,9.2,0.46299999999999997,0.003,0.43,8.3,16.0,12.1,1.5,1.0,2.9,14.0,19.4,,-0.7,0.9,0.2,0.008,,-5.4,-1.7,-7.1,-1.5,East
107,Bill Edwards\edwarbi01,PF,22,PHI,3,44,-0.4,0.149,0.278,0.278,12.4,22.5,17.5,12.3,3.4,1.4,16.5,23.9,,-0.3,0.1,-0.3,-0.282,,-11.0,0.6,-10.4,-0.1,East
108,Blue Edwards\edwarbl01,SF,28,MIL,82,2322,12.9,0.54,0.133,0.23600000000000002,4.9,11.8,8.1,12.1,1.8,0.8,14.2,19.2,,1.7,1.2,2.9,0.06,,-0.8,-1.0,-1.8,0.1,East
109,Doug Edwards\edwardo01,PF,23,ATL,16,107,9.4,0.384,0.02,0.327,7.2,11.3,9.2,11.3,1.0,3.0,9.7,24.9,,-0.2,0.1,0.0,-0.009000000000000001,,-6.1,-1.1,-7.2,-0.1,East
110,James Edwards\edwarja01,C,38,LAL,45,469,9.1,0.518,0.0,0.47,2.4,13.0,7.5,7.0,0.4,0.4,12.9,20.9,,0.1,0.1,0.3,0.027999999999999997,,-4.3,-3.8,-8.1,-0.7,West
111,Kevin Edwards\edwarke01,SG,28,NJN,82,2727,13.8,0.509,0.096,0.21100000000000002,3.6,7.4,5.4,13.6,2.2,0.8,10.7,19.5,,2.5,2.6,5.1,0.08900000000000001,,0.2,0.2,0.5,1.7,East
112,Craig Ehlo\ehlocr01,SG,32,ATL,82,2147,15.0,0.529,0.312,0.218,3.6,10.7,7.1,18.8,3.2,0.8,14.4,18.1,,2.4,3.5,5.9,0.132,,0.8,1.4,2.2,2.3,East
113,Mario Elie\eliema01,SF,30,HOU,67,1606,13.4,0.575,0.358,0.384,2.1,10.0,6.3,19.1,1.6,0.3,16.7,18.0,,2.1,2.0,4.2,0.125,,0.0,-0.2,-0.2,0.7,West
114,Sean Elliott\elliose01,SF,25,DET,73,2409,11.3,0.51,0.11,0.21899999999999997,3.1,9.1,6.0,12.5,1.1,0.7,13.0,18.1,,1.0,0.4,1.4,0.027999999999999997,,-1.4,-0.9,-2.3,-0.2,East
115,Dale Ellis\ellisda01,SF,33,SAS,77,2590,14.7,0.5770000000000001,0.34299999999999997,0.111,3.2,7.7,5.5,5.0,1.4,0.3,6.9,18.8,,5.5,2.1,7.6,0.14,,2.6,-1.5,1.0,2.0,West
116,Harold Ellis\ellisha01,SF,23,LAC,49,923,17.2,0.593,0.013999999999999999,0.51,10.9,6.7,8.8,5.0,3.8,0.1,10.7,17.9,,2.0,0.8,2.8,0.146,,1.6,-0.3,1.4,0.8,West
117,LaPhonso Ellis\ellisla01,PF,23,DEN,79,2699,15.9,0.542,0.024,0.373,9.4,18.4,14.0,10.0,1.2,1.9,13.3,20.4,,3.5,4.1,7.6,0.135,,0.4,1.3,1.7,2.5,West
118,LeRon Ellis\ellisle02,C,24,CHH,50,680,13.5,0.521,0.0,0.374,11.7,18.6,15.3,4.9,1.2,2.3,9.0,14.6,,1.0,0.6,1.6,0.111,,-1.4,-0.3,-1.7,0.0,East
119,Pervis Ellison\ellispe01,C,26,WSB,47,1178,10.7,0.514,0.01,0.332,7.5,16.7,12.0,8.6,1.1,2.7,17.9,14.9,,0.3,0.5,0.7,0.03,,-2.6,0.4,-2.1,0.0,East
120,Jo Jo English\englijo01,SG,23,CHI,36,419,6.3,0.47,0.132,0.163,2.5,10.1,6.3,13.2,1.0,1.6,20.7,18.4,,-0.5,0.5,0.0,-0.005,,-5.4,-0.7,-6.2,-0.4,East
121,Patrick Ewing*\ewingpa01,C,31,NYK,79,2972,22.9,0.551,0.009000000000000001,0.387,8.5,24.9,16.9,11.3,1.6,5.1,12.9,29.8,,5.1,8.0,13.1,0.21100000000000002,,0.5,3.9,4.5,4.9,East
122,Jim Farmer\farmeji01,SG,29,DEN,4,29,-3.7,0.33299999999999996,0.33299999999999996,0.0,0.0,7.4,3.8,18.9,0.0,0.0,45.5,16.2,,-0.1,0.0,-0.1,-0.21,,-11.5,-2.8,-14.3,-0.1,West
123,Duane Ferrell\ferredu01,SF,28,ATL,72,1155,14.5,0.5579999999999999,0.024,0.485,5.9,6.4,6.1,8.5,1.9,0.9,12.2,19.5,,1.9,1.3,3.2,0.134,,-0.9,-0.7,-1.7,0.1,East
124,Danny Ferry\ferryda01,PF,27,CLE,70,965,12.0,0.496,0.153,0.129,5.6,11.3,8.5,12.1,1.5,1.5,10.4,18.3,,0.7,1.0,1.7,0.084,,-1.4,-0.5,-1.9,0.0,East
125,Vern Fleming\flemive01,PG,31,IND,55,1053,11.8,0.502,0.013000000000000001,0.27399999999999997,3.1,10.2,6.8,24.8,2.0,0.4,19.6,18.5,,0.3,1.1,1.4,0.064,,-1.9,-0.3,-2.2,-0.1,East
126,Sleepy Floyd\floydsl01,PG,33,SAS,53,737,6.0,0.41100000000000003,0.172,0.373,1.6,8.7,5.3,19.3,0.9,0.7,20.0,18.5,,-1.0,0.6,-0.4,-0.025,,-5.1,-1.8,-6.9,-0.9,West
127,Alphonso Ford\fordal01,PG,22,SEA,6,16,28.9,0.5760000000000001,0.077,0.154,0.0,0.0,0.0,15.3,6.3,0.0,6.7,39.9,,0.0,0.0,0.1,0.193,,3.4,-5.7,-2.3,0.0,West
128,Greg Foster\fostegr01,PF,25,MIL,3,19,14.7,0.635,0.0,0.28600000000000003,0.0,19.2,9.1,0.0,0.0,3.6,11.3,20.2,,0.0,0.0,0.0,0.106,,-5.6,-5.5,-11.1,0.0,East
129,Rick Fox\foxri01,SF,24,BOS,82,2096,14.4,0.535,0.13699999999999998,0.316,5.6,13.5,9.6,15.3,1.9,1.6,16.0,20.4,,1.5,1.7,3.2,0.073,,0.1,0.5,0.7,1.4,East
130,Tellis Frank\frankte01,PF,28,MIN,67,959,8.9,0.486,0.013000000000000001,0.475,10.4,16.4,13.4,8.7,1.9,2.3,20.2,11.1,,0.2,0.9,1.1,0.055,,-2.8,1.7,-1.1,0.2,West
131,Corey Gaines\gaineco01,SG,28,NYK,18,78,23.7,0.62,0.25,0.75,4.4,14.2,9.4,57.5,1.3,0.0,15.8,17.8,,0.4,0.1,0.6,0.33899999999999997,,4.6,-2.0,2.6,0.1,East
132,Chad Gallagher\gallach01,C,24,UTA,2,3,66.8,1.0,0.0,0.0,0.0,0.0,0.0,0.0,0.0,0.0,0.0,44.2,,0.1,0.0,0.1,1.442,,28.4,-12.1,16.3,0.0,West
133,Kevin Gamble\gamblke01,SF,28,BOS,75,1880,13.4,0.503,0.128,0.157,2.4,7.1,4.8,12.4,1.5,0.7,8.2,21.6,,1.4,0.7,2.1,0.054000000000000006,,-0.4,-2.0,-2.3,-0.2,East
134,Chris Gatling\gatlich01,C,26,GSW,82,1296,18.7,0.607,0.002,0.451,12.2,20.8,16.6,4.7,1.5,3.0,13.2,20.3,,2.8,1.7,4.5,0.168,,0.1,-0.8,-0.7,0.4,West
135,Kenny Gattison\gattike01,PF,29,CHH,77,1644,13.3,0.5579999999999999,0.0,0.43799999999999994,7.3,16.5,12.0,8.1,1.8,1.7,13.0,15.8,,2.0,1.5,3.5,0.102,,-0.8,0.7,-0.1,0.8,East
136,Andrew Gaze\gazean01,SG,28,WSB,7,70,10.5,0.615,0.47100000000000003,0.11800000000000001,1.6,10.2,5.8,10.3,1.4,0.9,14.4,12.8,,0.1,0.0,0.1,0.07400000000000001,,-0.7,-2.3,-3.0,0.0,East
137,Matt Geiger\geigema01,C,24,MIA,72,1199,16.7,0.624,0.013999999999999999,0.423,11.2,17.5,14.3,4.2,1.5,1.7,12.7,17.2,,3.1,1.4,4.5,0.179,,0.7,-0.9,-0.1,0.6,East
138,Kendall Gill\gillke01,SG,25,SEA,79,2435,15.6,0.51,0.124,0.284,4.4,8.6,6.5,16.9,3.1,0.9,11.6,21.7,,3.1,3.6,6.7,0.132,,0.7,0.7,1.4,2.1,West
139,Armen Gilliam\gilliar01,PF,29,NJN,82,1969,18.5,0.5770000000000001,0.001,0.529,10.4,16.5,13.4,5.6,1.0,1.9,11.2,20.3,,4.6,2.2,6.8,0.166,,0.7,-0.6,0.1,1.0,East
140,Mike Gminski\gminsmi01,C,34,TOT,29,309,9.9,0.38799999999999996,0.0,0.175,8.1,18.6,13.3,4.9,2.1,3.2,10.5,17.1,,-0.3,0.4,0.0,0.002,,-6.0,-0.1,-6.1,-0.3,NaN
140,Mike Gminski\gminsmi01,C,34,CHH,21,255,11.6,0.429,0.0,0.177,8.5,16.9,12.8,5.9,2.5,3.1,11.4,16.1,,-0.1,0.3,0.2,0.04,,-4.0,1.3,-2.7,0.0,East
140,Mike Gminski\gminsmi01,C,34,MIL,8,54,2.0,0.252,0.0,0.16699999999999998,6.0,27.0,16.0,0.0,0.0,3.8,7.2,22.2,,-0.2,0.0,-0.2,-0.17600000000000002,,-15.4,-6.5,-21.8,-0.3,East
141,Ricky Grace\graceri01,PG,26,ATL,3,8,10.8,0.515,0.0,0.667,0.0,13.8,6.9,21.9,0.0,0.0,0.0,20.8,,0.0,0.0,0.0,0.10300000000000001,,-0.7,-3.7,-4.4,0.0,East
142,Greg Graham\grahagr01,SG,23,PHI,70,889,11.4,0.478,0.08199999999999999,0.361,2.6,8.1,5.3,11.5,3.4,0.3,15.5,20.4,,-0.5,0.6,0.1,0.005,,-3.8,-1.0,-4.8,-0.6,East
143,Paul Graham\grahapa01,SG,26,ATL,21,128,13.1,0.45,0.228,0.298,3.4,6.9,5.2,15.4,1.6,2.5,7.2,23.3,,0.1,0.2,0.2,0.09,,-2.1,-1.7,-3.7,-0.1,East
144,Gary Grant\grantga01,PG,28,LAC,78,1533,13.8,0.493,0.11,0.135,2.9,6.9,4.9,27.9,3.7,0.5,18.6,19.7,,0.0,1.3,1.3,0.040999999999999995,,-1.3,-0.6,-2.0,0.0,West
145,Harvey Grant\grantha01,SF,28,POR,77,2112,12.3,0.48,0.009000000000000001,0.16899999999999998,5.4,13.0,9.0,7.4,1.6,1.5,6.3,17.1,,1.7,2.2,3.9,0.08900000000000001,,-1.6,0.5,-1.1,0.5,West
146,Horace Grant\grantho01,PF,28,CHI,70,2570,19.8,0.54,0.006999999999999999,0.262,13.9,21.1,17.5,14.3,1.5,2.2,10.0,18.7,,5.7,4.3,10.0,0.188,,2.5,2.7,5.2,4.6,East
147,Josh Grant\grantjo01,PF,26,GSW,53,382,11.7,0.494,0.418,0.19899999999999998,7.8,17.3,12.6,8.6,2.3,1.3,15.9,20.4,,0.0,0.5,0.5,0.06,,-1.7,-1.1,-2.8,-0.1,West
148,Jeff Grayer\grayeje01,SG,28,GSW,67,1096,13.2,0.5479999999999999,0.033,0.325,7.6,11.2,9.4,7.9,1.5,0.7,13.2,18.0,,1.2,0.8,1.9,0.085,,-1.1,-1.4,-2.5,-0.1,West
149,A.C. Green\greenac01,PF,30,PHO,82,2825,17.0,0.555,0.038,0.391,11.1,18.8,15.0,6.9,1.2,0.8,8.4,17.6,,6.7,2.6,9.3,0.157,,1.5,-0.3,1.2,2.3,West
150,Litterial Green\greenli01,PG,23,ORL,29,126,13.0,0.498,0.07,0.649,5.4,5.3,5.3,10.6,2.4,0.5,15.1,29.2,,0.0,0.1,0.1,0.044000000000000004,,-3.3,-3.5,-6.8,-0.2,East
151,Sean Green\greense01,SG,23,TOT,36,334,7.6,0.39,0.22399999999999998,0.098,3.3,7.9,5.6,8.1,2.7,1.1,12.4,28.4,,-1.1,0.2,-0.9,-0.13,,-6.4,-3.3,-9.7,-0.7,NaN
151,Sean Green\greense01,SG,23,PHI,35,332,7.8,0.392,0.225,0.099,3.3,8.0,5.6,8.1,2.7,1.1,12.4,28.4,,-1.1,0.2,-0.9,-0.128,,-6.4,-3.3,-9.6,-0.6,East
151,Sean Green\greense01,SG,23,UTA,1,2,-17.0,0.0,0.0,0.0,0.0,0.0,0.0,0.0,0.0,0.0,0.0,22.1,,0.0,0.0,0.0,-0.486,,-20.2,-5.7,-25.9,0.0,West
152,Tom Gugliotta\guglito01,PF,24,WSB,78,2795,17.9,0.514,0.128,0.268,7.8,23.0,15.2,16.0,3.1,1.1,16.0,23.7,,1.1,2.7,3.8,0.066,,0.7,1.5,2.1,2.9,East
153,Andres Guibert\guibean01,C,25,MIN,5,33,6.1,0.331,0.0,0.3,36.4,20.8,28.4,10.5,0.0,1.9,20.9,37.9,,-0.2,0.0,-0.2,-0.243,,-7.5,-4.8,-12.3,-0.1,West
154,Jay Guidinger\guidija01,C,24,CLE,32,131,10.4,0.57,0.0,0.6559999999999999,13.3,16.0,14.6,3.4,1.6,2.5,28.0,19.6,,-0.1,0.2,0.1,0.042,,-4.7,-0.7,-5.3,-0.1,East
155,Jack Haley\haleyja01,PF,30,SAS,28,94,12.8,0.515,0.0,0.43799999999999994,7.6,20.6,14.4,1.8,0.0,0.0,14.9,32.0,,0.0,0.1,0.1,0.054000000000000006,,-6.4,-7.2,-13.7,-0.3,West
156,Geert Hammink\hammige01,C,24,ORL,1,3,20.0,0.33299999999999996,0.0,0.0,37.8,0.0,18.7,64.9,0.0,0.0,0.0,42.7,,0.0,0.0,0.0,0.10099999999999999,,15.6,1.4,17.0,0.0,East
157,Tom Hammonds\hammoto01,PF,26,DEN,74,877,12.4,0.546,0.0,0.452,8.1,16.8,12.6,5.8,1.1,0.9,12.9,15.4,,1.0,1.2,2.2,0.11800000000000001,,-2.2,-0.4,-2.6,-0.1,West
158,Anfernee Hardaway\hardaan01,PG,22,ORL,82,3015,17.4,0.531,0.171,0.302,7.2,9.1,8.2,26.6,3.2,1.1,19.1,21.7,,3.8,3.3,7.1,0.11199999999999999,,2.4,1.4,3.9,4.5,East
159,Derek Harper\harpede01,PG,32,TOT,82,2204,12.3,0.485,0.273,0.21899999999999997,1.0,6.3,3.6,23.5,2.9,0.3,14.2,18.6,,1.1,2.9,4.0,0.086,,-0.9,-0.4,-1.3,0.4,NaN
159,Derek Harper\harpede01,PG,32,DAL,28,893,10.2,0.446,0.307,0.146,1.2,6.1,3.5,17.5,2.6,0.3,12.9,19.8,,-0.4,0.4,0.0,-0.002,,-1.7,-1.9,-3.5,-0.3,West
159,Derek Harper\harpede01,PG,32,NYK,54,1311,13.7,0.516,0.244,0.281,0.9,6.4,3.7,27.6,3.2,0.2,15.2,17.8,,1.5,2.5,4.0,0.146,,-0.3,0.6,0.3,0.7,East
160,Ron Harper\harpero01,SG,30,LAC,75,2856,15.7,0.496,0.177,0.313,4.8,12.2,8.6,18.7,2.4,1.1,13.7,25.5,,0.7,2.3,2.9,0.049,,0.5,0.2,0.7,1.9,West
161,Lucious Harris\harrilu01,SG,23,DAL,77,1165,11.0,0.478,0.086,0.309,4.0,11.7,7.6,14.3,2.1,0.6,15.1,18.7,,-0.1,0.7,0.6,0.025,,-3.0,-1.2,-4.2,-0.7,West
162,Tony Harris\harrito01,SG,26,BOS,5,88,14.9,0.524,0.29,0.8059999999999999,3.8,9.0,6.4,12.4,2.3,0.0,12.5,23.7,,0.1,0.1,0.2,0.106,,0.1,-2.5,-2.4,0.0,East
163,Antonio Harvey\harvean01,PF,23,LAL,27,247,8.0,0.387,0.0,0.32899999999999996,11.0,15.1,13.0,2.8,1.6,4.8,15.8,18.3,,-0.4,0.2,-0.2,-0.039,,-6.9,-0.2,-7.0,-0.3,West
164,Scott Haskin\haskisc01,C,23,IND,27,186,11.3,0.515,0.0,0.42200000000000004,11.0,22.8,17.1,4.7,0.6,5.5,19.6,15.7,,0.0,0.3,0.3,0.087,,-4.4,1.5,-2.9,0.0,East
165,Hersey Hawkins\hawkihe01,SG,27,CHH,82,2648,15.6,0.579,0.27399999999999997,0.42100000000000004,3.8,11.7,7.9,11.6,2.5,0.5,13.4,18.9,,4.4,2.1,6.5,0.11800000000000001,,1.9,0.2,2.1,2.7,East
166,Skeeter Henry\henrysk01,SG,26,PHO,4,15,5.6,0.29600000000000004,0.4,0.8,0.0,14.8,7.5,33.2,0.0,0.0,12.9,21.7,,0.0,0.0,0.0,-0.087,,-5.8,-4.4,-10.2,0.0,West
167,Steve Henson\hensost01,PG,25,CHH,3,17,9.7,0.75,0.5,0.0,0.0,6.3,3.3,37.0,0.0,0.0,33.3,7.5,,0.0,0.0,0.0,0.106,,-2.1,-6.9,-9.1,0.0,East
168,Carl Herrera\herreca01,PF,27,HOU,75,1292,9.1,0.5,0.0,0.313,9.2,15.0,12.3,4.1,1.3,1.3,16.4,14.4,,0.1,1.9,2.0,0.075,,-4.1,0.7,-3.3,-0.4,West
169,Rod Higgins\higgiro01,SF,34,CLE,36,547,13.7,0.537,0.307,0.258,5.3,12.1,8.7,10.0,2.4,1.7,10.4,16.6,,0.7,0.7,1.4,0.125,,0.1,0.5,0.6,0.4,East
170,Tyrone Hill\hillty01,PF,25,CLE,57,1447,18.4,0.59,0.005,0.643,14.7,25.3,20.0,5.0,1.9,1.6,13.3,18.2,,3.3,2.4,5.7,0.191,,0.6,0.4,1.0,1.1,East
171,Donald Hodge\hodgedo01,C,24,DAL,50,428,13.1,0.5489999999999999,0.0,0.515,11.2,13.9,12.5,11.2,1.8,2.1,19.5,15.2,,0.5,0.3,0.8,0.087,,-1.8,0.2,-1.6,0.0,West
172,Tito Horford\horfoti01,C,28,WSB,3,28,1.8,0.0,0.0,0.0,4.1,8.5,6.3,0.0,1.8,6.7,33.3,4.6,,-0.1,0.0,0.0,-0.073,,-9.1,3.1,-6.1,0.0,East
173,Jeff Hornacek\hornaje01,SG,30,TOT,80,2820,16.7,0.562,0.207,0.295,2.4,8.6,5.5,23.9,2.3,0.3,13.1,20.2,,5.1,1.8,6.9,0.11699999999999999,,2.3,-0.8,1.5,2.5,NaN
173,Jeff Hornacek\hornaje01,SG,30,PHI,53,1994,16.3,0.547,0.23199999999999998,0.285,2.3,9.4,5.8,25.5,2.4,0.3,14.6,20.5,,2.7,1.0,3.7,0.09,,1.9,-1.0,0.9,1.5,East
173,Jeff Hornacek\hornaje01,SG,30,UTA,27,826,17.6,0.598,0.145,0.318,2.7,6.6,4.7,20.0,2.0,0.3,9.1,19.4,,2.4,0.8,3.1,0.182,,3.3,-0.6,2.8,1.0,West
174,Robert Horry\horryro01,SF,23,HOU,81,2370,14.2,0.521,0.19399999999999998,0.22399999999999998,6.4,13.9,10.3,14.5,2.5,2.0,15.1,17.0,,1.6,4.3,5.9,0.12,,-0.6,3.1,2.5,2.7,West
175,Allan Houston\houstal01,SG,22,DET,79,1519,9.0,0.465,0.174,0.161,1.4,7.5,4.4,10.5,1.1,0.6,12.1,23.6,,-1.3,0.1,-1.2,-0.038,,-3.7,-3.1,-6.8,-1.9,East
176,Byron Houston\houstby01,PF,24,GSW,71,866,7.5,0.488,0.04,0.305,8.5,15.6,12.1,4.7,1.8,2.2,19.6,11.9,,-0.1,1.0,0.9,0.05,,-3.8,0.8,-3.0,-0.2,West
177,Stephen Howard\howarst01,SF,23,UTA,9,53,19.4,0.645,0.0,0.941,22.1,12.9,17.4,3.0,1.0,4.0,20.0,25.1,,0.1,0.1,0.2,0.188,,1.1,-1.7,-0.6,0.0,West
178,Jay Humphries\humphja01,SG,31,UTA,75,1619,10.9,0.493,0.179,0.142,2.5,6.5,4.5,20.4,2.1,0.5,14.3,18.1,,0.5,1.6,2.0,0.061,,-1.0,-0.4,-1.4,0.2,West
179,Lindsey Hunter\hunteli01,PG,23,DET,82,2172,12.0,0.441,0.23199999999999998,0.159,2.4,7.3,4.8,27.7,2.8,0.3,16.1,23.0,,-1.8,1.0,-0.8,-0.017,,-1.5,-1.3,-2.9,-0.5,East
180,Bobby Hurley\hurlebo01,PG,22,SAC,19,499,8.4,0.42100000000000004,0.11,0.205,1.3,6.3,3.7,33.1,1.3,0.1,23.2,17.5,,-0.6,0.1,-0.5,-0.044000000000000004,,-4.6,-3.4,-8.0,-0.8,West
181,Jaren Jackson\jacksja01,SG,26,POR,29,187,9.5,0.429,0.069,0.161,3.4,6.7,4.9,21.5,1.0,0.7,13.1,23.4,,-0.1,0.1,0.0,0.0,,-3.8,-3.2,-6.9,-0.2,West
182,Jim Jackson\jacksji01,SG,23,DAL,82,3066,14.4,0.49700000000000005,0.042,0.242,5.8,8.7,7.1,21.5,1.4,0.6,17.4,26.5,,-0.3,0.8,0.6,0.009000000000000001,,-0.3,-1.6,-1.9,0.0,West
183,Mark Jackson\jacksma01,PG,28,LAC,79,2711,14.8,0.524,0.17300000000000001,0.28800000000000003,4.2,9.4,6.8,34.6,2.1,0.1,22.0,16.1,,2.7,1.4,4.1,0.07200000000000001,,0.3,-1.0,-0.7,0.9,West
184,Stanley Jackson\jacksst01,SG,23,MIN,17,92,17.8,0.5539999999999999,0.152,0.091,15.7,18.7,17.2,30.4,2.8,0.0,22.6,21.1,,0.1,0.1,0.2,0.102,,2.6,0.5,3.1,0.1,West
185,Dave Jamerson\jamerda01,SG,26,TOT,5,14,-8.5,0.12,0.0,0.429,0.0,31.1,15.4,8.9,0.0,0.0,10.7,28.4,,-0.1,0.0,-0.1,-0.40299999999999997,,-20.4,-4.5,-24.9,-0.1,NaN
185,Dave Jamerson\jamerda01,SG,26,UTA,1,4,-2.2,0.205,0.0,0.5,0.0,28.5,14.4,0.0,0.0,0.0,0.0,27.0,,0.0,0.0,0.0,-0.218,,-18.4,-8.5,-26.9,0.0,West
185,Dave Jamerson\jamerda01,SG,26,NJN,4,10,-11.1,0.085,0.0,0.4,0.0,32.2,15.8,12.5,0.0,0.0,14.5,29.0,,-0.1,0.0,-0.1,-0.478,,-21.2,-2.9,-24.1,-0.1,East
186,Henry James\jameshe01,PF,28,LAC,12,75,12.5,0.46399999999999997,0.429,0.11900000000000001,8.6,11.2,9.9,2.1,1.3,0.0,4.3,25.5,,0.0,0.0,0.1,0.040999999999999995,,-1.1,-6.5,-7.6,-0.1,West
187,Keith Jennings\jennike01,PG,25,GSW,76,1097,15.5,0.547,0.442,0.35100000000000003,1.6,7.1,4.4,26.1,2.9,0.0,15.8,17.6,,2.0,0.9,2.9,0.126,,1.0,-2.3,-1.3,0.2,West
188,Chris Jent\jentch01,SF,24,HOU,3,78,11.0,0.5770000000000001,0.423,0.077,6.0,14.8,10.7,14.0,0.0,0.0,15.7,18.1,,0.1,0.1,0.2,0.1,,-0.4,-1.7,-2.1,0.0,West
189,Avery Johnson\johnsav01,PG,28,GSW,82,2332,13.9,0.5329999999999999,0.017,0.349,1.9,6.2,4.1,25.3,2.3,0.2,17.1,17.8,,2.6,1.5,4.1,0.085,,-0.7,-1.6,-2.3,-0.2,West
190,Dave Johnson\johnsda01,SG,23,CHI,17,119,5.8,0.37200000000000005,0.019,0.389,8.8,6.9,7.9,5.0,1.8,0.0,12.5,26.9,,-0.3,0.1,-0.2,-0.077,,-7.8,-3.6,-11.3,-0.3,East
191,Eddie Johnson\johnsed03,SF,34,CHH,73,1460,15.9,0.527,0.203,0.172,6.2,10.6,8.5,13.8,1.2,0.3,9.6,25.6,,1.8,0.6,2.4,0.079,,1.4,-2.9,-1.5,0.2,East
192,Ervin Johnson\johnser02,C,26,SEA,45,280,16.1,0.46299999999999997,0.0,0.434,20.3,29.7,25.0,3.6,1.8,5.6,16.0,23.0,,0.0,0.7,0.7,0.114,,-4.6,0.2,-4.4,-0.2,West
193,Frank Johnson\johnsfr01,PG,35,PHO,70,875,11.6,0.49200000000000005,0.04,0.231,3.8,6.7,5.3,23.6,2.3,0.1,16.5,18.9,,0.6,0.6,1.2,0.067,,-1.7,-1.9,-3.6,-0.4,West
194,Kevin Johnson\johnske02,PG,27,PHO,67,2449,20.6,0.5660000000000001,0.027999999999999997,0.473,2.6,5.1,3.8,38.5,2.5,0.3,16.6,24.3,,7.0,1.7,8.7,0.17,,3.2,-2.3,0.9,1.8,West
195,Larry Johnson\johnsla02,PF,24,CHH,51,1757,16.8,0.55,0.031,0.293,9.3,18.6,14.1,16.0,0.8,0.5,13.3,21.2,,2.8,1.1,3.9,0.106,,1.6,-0.2,1.4,1.5,East
196,Charles Jones\jonesch01,C,36,DET,42,877,8.7,0.489,0.013000000000000001,0.436,11.1,18.7,14.8,4.3,0.8,3.2,11.4,5.2,,0.9,0.6,1.5,0.083,,-2.7,2.3,-0.4,0.4,East
197,Popeye Jones\jonespo01,PF,23,DAL,81,1773,14.1,0.515,0.002,0.263,17.6,20.9,19.2,8.4,1.7,1.2,17.2,13.1,,2.1,1.6,3.6,0.098,,-0.4,0.7,0.3,1.0,West
198,Adonis Jordan\jordaad01,PG,23,DEN,6,79,5.6,0.326,0.435,0.0,4.4,4.1,4.2,33.3,0.0,0.8,20.7,15.6,,-0.1,0.0,-0.1,-0.037000000000000005,,-4.5,-4.2,-8.7,-0.1,West
199,Reggie Jordan\jordare01,SG,26,LAL,23,259,20.1,0.498,0.039,0.495,18.5,9.2,14.0,15.1,2.7,1.2,10.0,22.7,,0.6,0.2,0.8,0.142,,3.0,-0.6,2.3,0.3,West
200,Adam Keefe\keefead01,PF,23,ATL,63,763,12.0,0.521,0.0,0.521,11.1,17.9,14.5,6.4,1.3,0.8,18.6,18.1,,0.3,1.1,1.4,0.091,,-3.4,-0.4,-3.8,-0.3,East
201,Shawn Kemp\kempsh01,PF,24,SEA,79,2597,22.9,0.593,0.004,0.496,14.2,24.7,19.4,12.4,2.8,4.6,17.7,24.2,,5.6,6.0,11.7,0.21600000000000003,,2.4,4.2,6.5,5.6,West
202,Tim Kempton\kemptti01,PF,30,TOT,13,136,5.7,0.433,0.0,0.42100000000000004,8.4,11.5,10.0,9.4,2.2,0.9,19.6,17.9,,-0.2,0.1,-0.1,-0.021,,-4.7,-0.1,-4.8,-0.1,NaN
202,Tim Kempton\kemptti01,PF,30,CHH,9,103,4.9,0.41100000000000003,0.0,0.385,6.6,8.3,7.5,7.6,1.9,0.6,11.6,14.2,,0.0,0.1,0.0,0.008,,-4.0,-0.7,-4.8,-0.1,East
202,Tim Kempton\kemptti01,PF,30,CLE,4,33,8.1,0.478,0.0,0.5,14.1,21.2,17.6,15.0,3.2,2.0,32.3,29.4,,-0.1,0.1,-0.1,-0.113,,-6.9,1.8,-5.1,0.0,East
203,Steve Kerr\kerrst01,PG,28,CHI,82,2036,13.7,0.5720000000000001,0.215,0.168,1.5,6.0,3.8,15.2,1.9,0.1,8.4,14.7,,4.0,2.1,6.1,0.145,,0.5,-0.9,-0.3,0.8,East
204,Jerome Kersey\kerseje01,SF,31,POR,78,1276,14.5,0.48100000000000004,0.017,0.28800000000000003,10.6,17.9,14.1,8.5,2.7,2.4,10.7,18.9,,1.1,2.0,3.2,0.11900000000000001,,-1.3,1.7,0.4,0.8,West
205,Alec Kessler\kesslal01,PF,27,MIA,15,66,11.8,0.579,0.36,0.32,6.9,10.3,8.6,4.7,0.8,1.0,14.9,21.9,,0.1,0.0,0.1,0.102,,-0.4,-3.9,-4.3,0.0,East
206,Warren Kidd\kiddwa01,PF,23,PHI,68,884,11.3,0.597,0.0,0.509,9.4,19.6,14.5,3.2,1.1,1.6,17.5,12.3,,0.8,0.6,1.4,0.078,,-3.1,-0.9,-4.0,-0.4,East
207,Chris King\kingch01,SF,24,SEA,15,86,13.1,0.46299999999999997,0.146,0.542,6.9,13.8,10.3,20.5,2.3,0.0,16.8,35.6,,-0.1,0.1,0.0,0.002,,-2.9,-2.5,-5.4,-0.1,West
208,Rich King\kingri01,C,24,SEA,27,78,12.9,0.469,0.028999999999999998,0.647,13.6,16.8,15.2,15.7,0.6,1.8,13.8,27.8,,0.0,0.1,0.1,0.07,,-2.2,-1.9,-4.0,0.0,West
209,Stacey King\kingst01,C,27,TOT,49,1053,11.6,0.48,0.006,0.39899999999999997,10.1,16.6,13.4,8.3,1.5,2.6,17.2,20.2,,-0.4,1.3,0.9,0.040999999999999995,,-3.5,0.6,-2.9,-0.2,NaN
209,Stacey King\kingst01,C,27,CHI,31,537,10.4,0.44299999999999995,0.012,0.31,10.9,17.9,14.4,10.5,1.8,1.5,18.1,19.6,,-0.4,0.9,0.4,0.04,,-4.1,1.0,-3.1,-0.1,East
209,Stacey King\kingst01,C,27,MIN,18,516,12.9,0.516,0.0,0.488,9.3,15.3,12.4,6.1,1.3,3.7,16.2,20.9,,0.0,0.4,0.4,0.042,,-2.8,0.2,-2.6,-0.1,West
210,Greg Kite\kitegr01,C,32,ORL,29,309,2.2,0.38,0.0,0.629,8.1,17.3,12.7,1.6,0.3,2.4,27.6,8.5,,-0.4,0.3,-0.1,-0.018000000000000002,,-6.6,-0.1,-6.6,-0.4,East
211,Joe Kleine\kleinjo01,C,32,PHO,74,848,11.2,0.522,0.043,0.152,6.7,18.8,12.8,7.3,0.8,1.4,11.4,15.2,,0.8,0.8,1.6,0.08900000000000001,,-2.5,-0.9,-3.4,-0.3,West
212,Negele Knight\knighne01,PG,26,TOT,65,1438,13.8,0.539,0.044000000000000004,0.366,2.3,5.6,4.0,21.2,1.3,0.5,14.6,20.1,,2.2,1.0,3.2,0.10800000000000001,,-0.4,-2.1,-2.4,-0.2,NaN
212,Negele Knight\knighne01,PG,26,PHO,1,8,-0.7,0.25,0.0,0.0,0.0,0.0,0.0,0.0,0.0,7.9,0.0,21.0,,0.0,0.0,0.0,-0.15,,-12.2,-2.0,-14.3,0.0,West
212,Negele Knight\knighne01,PG,26,SAS,64,1430,13.9,0.541,0.045,0.369,2.3,5.6,4.1,21.3,1.3,0.5,14.7,20.1,,2.2,1.0,3.3,0.109,,-0.3,-2.1,-2.4,-0.1,West
213,Jon Koncak\koncajo01,C,30,ATL,82,1823,9.9,0.444,0.008,0.098,5.0,17.1,11.0,7.6,1.8,4.5,10.3,10.1,,0.4,3.4,3.8,0.10099999999999999,,-3.8,4.3,0.5,1.2,East
214,Larry Krystkowiak\krystla01,PF,29,ORL,34,682,8.9,0.524,0.006999999999999999,0.264,6.3,13.8,10.1,6.9,1.0,0.4,14.9,12.2,,0.5,0.5,1.0,0.068,,-2.3,-0.4,-2.7,-0.1,East
215,Toni Kukoc\kukocto01,SF,25,CHI,75,1808,15.4,0.49700000000000005,0.163,0.289,6.3,12.9,9.6,21.5,2.3,1.3,16.9,24.1,,0.5,2.7,3.2,0.086,,-0.5,0.8,0.4,1.1,East
216,Christian Laettner\laettch01,PF,24,MIN,70,2428,16.8,0.536,0.027999999999999997,0.542,7.9,20.9,14.5,21.3,1.8,2.3,19.1,24.4,,1.4,2.6,4.1,0.081,,0.3,1.9,2.2,2.6,West
217,Bill Laimbeer\laimbbi01,C,36,DET,11,248,15.6,0.564,0.1,0.14400000000000002,4.0,21.3,12.5,9.2,1.2,1.0,9.5,18.7,,0.4,0.2,0.5,0.106,,-1.1,-0.9,-1.9,0.0,East
218,Andrew Lang\langan01,C,27,ATL,82,1608,11.0,0.499,0.009000000000000001,0.231,8.6,12.8,10.7,4.6,1.2,3.5,13.8,15.6,,0.5,2.4,2.9,0.087,,-3.2,1.3,-1.9,0.0,East
219,Eric Leckner\leckner01,C,27,PHI,71,1163,10.4,0.527,0.006999999999999999,0.455,7.1,19.6,13.3,11.1,0.8,1.8,20.0,16.0,,0.1,0.8,0.9,0.036000000000000004,,-3.7,-0.1,-3.8,-0.5,East
220,Tim Legler\legleti01,PG,27,DAL,79,1322,16.1,0.545,0.263,0.32,2.8,8.4,5.4,15.1,2.0,0.7,9.1,21.2,,2.8,0.6,3.4,0.124,,1.3,-2.6,-1.3,0.2,West
221,Jim Les\lesji01,PG,30,SAC,18,169,12.9,0.5660000000000001,0.529,0.382,3.2,5.3,4.2,31.7,2.0,0.4,21.7,12.7,,0.3,0.1,0.3,0.098,,-0.5,-3.4,-3.9,-0.1,West
222,Fat Lever\leverfa01,PG,33,DAL,81,1947,13.2,0.462,0.133,0.17600000000000002,4.5,12.5,8.2,16.6,4.1,0.5,12.8,15.0,,0.7,2.1,2.9,0.07,,-1.2,1.6,0.4,1.2,West
223,Marcus Liberty\liberma01,SF,25,TOT,38,285,8.0,0.389,0.228,0.317,10.0,13.7,11.9,9.4,2.0,0.9,14.6,25.2,,-0.7,0.2,-0.5,-0.08800000000000001,,-4.9,-2.0,-6.9,-0.4,NaN
223,Marcus Liberty\liberma01,SF,25,DEN,3,11,18.7,0.5710000000000001,0.14300000000000002,0.28600000000000003,0.0,48.9,25.3,41.8,0.0,0.0,20.2,38.3,,0.0,0.0,0.0,0.106,,1.8,1.8,3.7,0.0,West
223,Marcus Liberty\liberma01,SF,25,DET,35,274,7.6,0.37799999999999995,0.233,0.319,10.4,12.3,11.3,8.2,2.0,1.0,14.3,24.7,,-0.7,0.1,-0.5,-0.096,,-5.1,-2.2,-7.3,-0.4,East
224,Todd Lichti\lichtto01,SG,27,TOT,13,126,14.5,0.46799999999999997,0.039,0.49,7.1,12.2,9.7,12.5,2.8,0.5,7.5,22.4,,0.1,0.1,0.2,0.094,,-1.6,-1.5,-3.0,0.0,NaN
224,Todd Lichti\lichtto01,SG,27,ORL,4,20,13.8,0.444,0.0,0.0,17.0,5.6,11.2,15.5,5.0,0.0,18.2,23.5,,0.0,0.0,0.0,0.036000000000000004,,-0.7,0.7,0.1,0.0,East
224,Todd Lichti\lichtto01,SG,27,GSW,5,58,13.0,0.47200000000000003,0.071,0.39299999999999996,5.7,12.8,9.3,7.2,0.0,0.0,0.0,23.4,,0.1,0.0,0.2,0.124,,-1.9,-5.5,-7.3,-0.1,West
224,Todd Lichti\lichtto01,SG,27,BOS,4,48,16.7,0.47100000000000003,0.0,1.0,4.7,14.2,9.4,17.6,5.2,1.3,13.0,20.9,,0.0,0.1,0.1,0.08199999999999999,,-1.6,2.4,0.8,0.0,East
225,Brad Lohaus\lohaubr01,PF,29,MIL,67,962,8.3,0.46,0.47700000000000004,0.10300000000000001,3.7,14.8,9.0,9.7,1.6,3.9,16.5,15.8,,-0.7,0.8,0.1,0.004,,-3.8,0.4,-3.4,-0.3,East
226,Grant Long\longgr01,PF,27,MIA,69,2201,13.9,0.507,0.009000000000000001,0.354,9.8,15.8,12.8,11.5,2.1,0.8,13.9,17.7,,2.6,2.5,5.1,0.111,,0.1,1.2,1.3,1.8,East
227,Luc Longley\longllu01,C,25,TOT,76,1502,13.5,0.508,0.002,0.26899999999999996,10.2,23.4,16.9,11.3,1.5,3.4,18.6,18.7,,0.0,2.2,2.2,0.071,,-2.9,1.8,-1.1,0.3,NaN
227,Luc Longley\longllu01,C,25,MIN,49,989,12.6,0.5,0.003,0.27699999999999997,10.6,24.1,17.5,7.5,1.8,3.8,19.6,17.8,,-0.4,1.3,0.9,0.043,,-3.7,1.8,-1.9,0.0,West
227,Luc Longley\longllu01,C,25,CHI,27,513,15.2,0.521,0.0,0.256,9.6,21.9,15.7,18.8,1.0,2.8,17.0,20.3,,0.5,0.9,1.3,0.125,,-1.3,1.8,0.5,0.3,East
228,George Lynch\lynchge01,SF,23,LAL,71,1762,16.1,0.527,0.009000000000000001,0.29,13.0,12.2,12.6,8.2,2.9,1.0,11.9,17.5,,2.4,1.5,3.9,0.107,,0.9,0.5,1.5,1.5,West
229,Malcolm Mackey\mackema01,C,23,PHO,22,69,12.6,0.395,0.054000000000000006,0.21600000000000003,19.8,19.4,19.6,2.2,0.0,2.7,4.7,25.8,,0.0,0.1,0.1,0.036000000000000004,,-4.7,-5.9,-10.7,-0.2,West
230,Don MacLean\macledo01,SF,24,WSB,75,2487,17.8,0.5660000000000001,0.02,0.386,6.5,15.7,11.0,10.7,0.9,0.6,11.2,23.4,,5.3,0.3,5.6,0.10800000000000001,,1.2,-2.2,-1.0,0.6,East
231,Mark Macon\maconma01,SG,24,TOT,42,496,8.0,0.41,0.054000000000000006,0.185,4.0,5.2,4.6,15.5,4.0,0.1,16.7,21.0,,-0.9,0.4,-0.4,-0.042,,-4.6,-0.3,-4.9,-0.4,NaN
231,Mark Macon\maconma01,SG,24,DEN,7,126,2.1,0.364,0.067,0.222,2.7,3.4,3.1,12.7,2.4,0.5,22.1,21.4,,-0.4,0.1,-0.3,-0.11199999999999999,,-7.9,-1.1,-9.0,-0.2,West
231,Mark Macon\maconma01,SG,24,DET,35,370,10.0,0.425,0.05,0.17300000000000001,4.4,5.8,5.1,16.5,4.5,0.0,14.8,20.8,,-0.5,0.3,-0.1,-0.019,,-3.5,0.0,-3.5,-0.1,East
232,Gerald Madkins\madkige01,SG,24,CLE,22,149,7.4,0.494,0.484,0.32299999999999995,0.8,7.8,4.3,17.8,3.2,0.0,26.9,14.6,,-0.1,0.2,0.1,0.019,,-3.7,-0.6,-4.3,-0.1,East
233,Rick Mahorn\mahorri01,PF,35,NJN,28,226,9.2,0.529,0.021,0.426,7.3,18.0,12.6,3.2,0.7,1.4,11.1,11.7,,0.2,0.2,0.5,0.096,,-3.5,-0.7,-4.2,-0.1,East
234,Dan Majerle\majerda01,SG,28,PHO,80,3207,13.7,0.531,0.442,0.209,4.3,8.0,6.1,11.9,2.0,0.8,9.9,18.0,,5.0,2.3,7.3,0.109,,2.6,-0.2,2.3,3.5,West
235,Jeff Malone\malonje01,SG,32,TOT,77,2560,13.5,0.53,0.011000000000000001,0.228,2.3,6.5,4.4,8.3,0.8,0.1,6.7,21.9,,3.2,0.9,4.2,0.079,,-0.6,-2.4,-3.0,-0.6,NaN
235,Jeff Malone\malonje01,SG,32,UTA,50,1657,12.9,0.532,0.009000000000000001,0.221,2.0,6.0,4.0,6.6,0.8,0.2,7.0,21.8,,1.9,1.0,2.9,0.083,,-0.8,-1.9,-2.7,-0.3,West
235,Jeff Malone\malonje01,SG,32,PHI,27,903,14.7,0.527,0.015,0.242,2.8,7.4,5.1,11.3,0.8,0.0,6.1,22.1,,1.3,0.0,1.3,0.07,,-0.2,-3.3,-3.5,-0.3,East
236,Karl Malone*\malonka01,PF,30,UTA,82,3329,22.9,0.55,0.021,0.474,8.3,24.1,16.3,17.1,1.9,2.6,11.1,28.0,,7.4,6.1,13.4,0.193,,3.2,3.0,6.3,6.9,West
237,Moses Malone*\malonmo01,C,38,PHI,55,618,17.7,0.519,0.004,0.504,18.8,21.4,20.1,8.9,0.9,1.7,17.2,24.1,,0.6,0.5,1.0,0.078,,-1.5,-2.0,-3.5,-0.2,East
238,Danny Manning\mannida01,PF,27,TOT,68,2520,16.4,0.519,0.013999999999999999,0.284,5.6,14.2,9.9,17.2,1.9,2.0,14.7,26.3,,0.7,2.8,3.5,0.066,,-0.3,0.8,0.6,1.7,NaN
238,Danny Manning\mannida01,PF,27,LAC,42,1595,17.9,0.527,0.017,0.311,5.5,14.1,9.9,18.7,1.6,2.2,13.5,28.2,,1.0,1.2,2.2,0.067,,0.7,0.1,0.8,1.1,West
238,Danny Manning\mannida01,PF,27,ATL,26,925,13.8,0.501,0.008,0.223,5.8,14.3,10.0,14.6,2.5,1.8,17.4,23.0,,-0.3,1.6,1.3,0.066,,-1.9,2.1,0.2,0.5,East
239,Roy Marble\marblro01,SF,27,DEN,5,32,-3.5,0.15,0.0,0.25,10.8,16.8,13.9,4.2,0.0,3.9,18.4,21.7,,-0.2,0.0,-0.2,-0.285,,-14.7,-1.0,-15.7,-0.1,West
240,Bob Martin\martibo01,C,24,LAC,53,535,6.9,0.503,0.0,0.58,7.2,15.9,11.6,4.1,0.7,3.7,20.8,10.8,,-0.1,0.4,0.3,0.03,,-5.2,0.7,-4.5,-0.3,West
241,Jamal Mashburn\mashbja01,SF,21,DAL,79,2896,13.2,0.48,0.21600000000000003,0.317,3.9,10.3,6.8,15.8,1.6,0.3,13.5,26.6,,-0.2,1.0,0.9,0.013999999999999999,,-0.2,-2.2,-2.5,-0.4,West
242,Anthony Mason\masonan01,PF,27,NYK,73,1903,10.8,0.524,0.002,0.37200000000000005,9.6,15.7,12.7,11.7,0.8,0.3,17.5,14.1,,1.6,3.3,4.9,0.12300000000000001,,-1.6,2.0,0.4,1.2,East
243,Marlon Maxey\maxeyma01,PF,24,MIN,55,626,15.4,0.59,0.012,0.5870000000000001,14.4,22.7,18.6,2.6,1.3,3.4,16.0,17.5,,0.9,0.7,1.7,0.127,,-1.9,-1.2,-3.2,-0.2,West
244,Vernon Maxwell\maxweve01,SG,28,HOU,75,2571,12.5,0.483,0.413,0.196,1.9,7.7,5.0,22.4,2.5,0.5,14.9,21.4,,-0.1,3.6,3.5,0.066,,-0.3,0.2,-0.1,1.2,West
245,Lee Mayberry\maybele01,PG,23,MIL,82,1472,9.4,0.493,0.29600000000000004,0.209,1.9,6.2,3.9,22.2,1.6,0.2,18.1,15.8,,0.1,0.3,0.4,0.013000000000000001,,-2.7,-3.1,-5.8,-1.4,East
246,Xavier McDaniel\mcdanxa01,SF,30,BOS,82,1971,14.5,0.49700000000000005,0.049,0.254,8.1,14.8,11.5,10.0,1.2,1.2,11.1,23.1,,1.0,1.3,2.3,0.055,,-0.9,-1.1,-2.0,0.0,East
247,Derrick McKey\mckeyde01,SF,27,IND,76,2613,13.3,0.5539999999999999,0.044000000000000004,0.358,5.9,11.7,8.9,18.8,2.2,1.3,21.7,17.6,,1.7,3.3,5.0,0.092,,0.2,2.0,2.2,2.8,East
248,Nate McMillan\mcmilna01,PG,29,SEA,73,1887,15.5,0.52,0.336,0.139,3.1,14.7,8.9,27.3,5.8,0.8,23.1,12.4,,1.5,4.5,6.0,0.154,,0.7,4.4,5.2,3.4,West
249,Darnell Mee\meeda01,SG,22,DEN,38,285,6.3,0.365,0.273,0.307,6.9,6.8,6.8,8.0,2.6,2.9,15.3,17.6,,-0.6,0.4,-0.1,-0.022000000000000002,,-4.8,1.1,-3.8,-0.1,West
250,Oliver Miller\milleol01,C,23,PHO,69,1786,18.2,0.617,0.02,0.301,8.9,21.0,15.0,19.1,2.3,5.5,24.1,16.0,,2.2,3.1,5.3,0.142,,0.7,4.9,5.6,3.4,West
251,Reggie Miller*\millere01,SG,28,IND,79,2638,20.2,0.636,0.28,0.426,1.4,7.7,4.7,15.6,2.3,0.6,12.4,23.5,,8.8,2.9,11.7,0.212,,5.0,-0.9,4.1,4.1,East
252,Chris Mills\millsch01,SF,24,CLE,79,2022,12.6,0.49200000000000005,0.18,0.26,7.7,15.4,11.5,9.8,1.4,1.6,10.6,18.7,,1.7,2.4,4.0,0.096,,-0.8,0.3,-0.5,0.8,East
253,Terry Mills\millste01,PF,26,DET,80,2773,17.7,0.552,0.063,0.19699999999999998,7.6,19.4,13.4,10.8,1.2,1.5,10.9,22.2,,4.5,1.8,6.3,0.11,,1.1,0.0,1.1,2.2,East
254,Harold Miner\minerha01,SG,22,MIA,63,1358,14.0,0.541,0.011000000000000001,0.33799999999999997,6.2,6.8,6.5,11.3,1.2,0.7,13.5,22.4,,1.9,0.7,2.7,0.094,,-0.5,-2.1,-2.6,-0.2,East
255,Sam Mitchell\mitchsa01,PF,30,IND,75,1084,10.9,0.511,0.016,0.359,7.9,12.2,10.1,8.9,1.6,0.6,12.4,16.4,,1.0,1.2,2.2,0.099,,-1.4,-0.2,-1.7,0.1,East
256,Tracy Moore\mooretr01,SG,28,DET,3,10,33.0,0.773,0.0,0.667,0.0,11.2,5.5,0.0,10.2,0.0,0.0,17.0,,0.1,0.0,0.1,0.395,,4.8,2.7,7.5,0.0,East
257,Darren Morningstar\mornida01,C,24,TOT,23,367,8.9,0.504,0.0,0.366,8.8,16.5,12.4,6.1,1.9,0.4,16.6,13.2,,0.1,0.3,0.4,0.048,,-3.3,-0.4,-3.7,-0.2,NaN
257,Darren Morningstar\mornida01,C,24,DAL,22,363,8.8,0.499,0.0,0.37,8.9,16.4,12.4,6.2,2.0,0.4,16.8,13.2,,0.1,0.3,0.3,0.045,,-3.3,-0.4,-3.7,-0.2,West
257,Darren Morningstar\mornida01,C,24,UTA,1,4,19.4,1.0,0.0,0.0,0.0,28.5,14.4,0.0,0.0,0.0,0.0,11.1,,0.0,0.0,0.0,0.247,,1.1,-5.1,-4.0,0.0,West
258,Chris Morris\morrich01,SF,28,NJN,50,1349,15.4,0.5379999999999999,0.324,0.26,7.0,10.9,8.9,9.5,2.0,2.3,9.3,17.4,,2.2,1.6,3.8,0.13699999999999998,,1.8,1.1,2.9,1.7,East
259,Alonzo Mourning*\mournal01,C,23,CHH,60,2018,21.7,0.588,0.002,0.672,10.0,23.0,16.7,6.6,0.7,5.7,15.4,27.3,,3.8,2.5,6.3,0.151,,-0.1,0.6,0.5,1.3,East
260,Chris Mullin*\mullich01,SF,30,GSW,62,2324,15.8,0.539,0.174,0.252,3.0,12.9,8.0,19.1,2.2,1.4,15.6,20.3,,2.4,2.3,4.7,0.09699999999999999,,0.7,0.7,1.4,2.0,West
261,Eric Murdock\murdoer01,PG,25,MIL,82,2533,20.3,0.5489999999999999,0.165,0.28300000000000003,3.9,8.2,5.9,36.9,4.0,0.3,15.2,23.1,,5.1,2.2,7.2,0.13699999999999998,,3.8,-0.7,3.1,3.3,East
262,Gheorghe Muresan\muresgh01,C,22,WSB,54,650,17.4,0.5710000000000001,0.0,0.302,11.7,23.1,17.3,4.5,2.2,4.6,16.9,21.2,,0.6,0.7,1.3,0.094,,-2.1,0.0,-2.2,0.0,East
263,Tod Murphy\murphto01,PF,30,TOT,9,67,9.0,0.512,0.0,0.5,6.5,10.0,8.2,8.1,1.5,0.0,6.4,10.2,,0.1,0.0,0.1,0.073,,-2.5,-0.9,-3.3,0.0,NaN
263,Tod Murphy\murphto01,PF,30,DET,7,57,10.3,0.512,0.0,0.5,7.7,9.9,8.7,7.5,1.8,0.0,6.4,12.0,,0.1,0.0,0.1,0.077,,-1.9,-1.0,-2.9,0.0,East
263,Tod Murphy\murphto01,PF,30,GSW,2,10,1.5,,,,0.0,10.6,5.4,11.3,0.0,0.0,,0.0,,0.0,0.0,0.0,0.052000000000000005,,-5.7,-0.1,-5.7,0.0,West
264,Tracy Murray\murratr01,SF,22,POR,66,820,15.3,0.561,0.307,0.203,5.5,9.4,7.4,5.8,1.2,1.5,8.7,21.1,,1.5,0.7,2.2,0.126,,0.9,-2.3,-1.4,0.1,West
265,Jerrod Mustaf\mustaje01,PF,24,PHO,33,196,8.9,0.39,0.0,0.262,11.6,19.9,15.8,5.7,1.0,1.6,9.6,22.2,,-0.2,0.2,0.0,0.004,,-5.9,-2.6,-8.5,-0.3,West
266,Dikembe Mutombo*\mutomdi01,C,27,DEN,82,2853,17.9,0.59,0.002,0.684,11.5,25.8,18.9,6.6,1.0,7.4,19.8,15.6,,2.9,6.4,9.4,0.158,,-0.9,5.2,4.2,4.5,West
267,Pete Myers\myerspe01,SG,30,CHI,82,2030,10.6,0.507,0.052000000000000005,0.349,3.1,7.3,5.2,17.3,2.0,0.7,17.5,16.9,,0.6,2.4,3.0,0.07200000000000001,,-2.3,0.1,-2.3,-0.1,East
268,Larry Nance\nancela01,PF,34,CLE,33,909,17.1,0.526,0.0,0.271,9.8,19.2,14.5,8.7,1.6,4.0,9.8,19.2,,1.4,1.4,2.8,0.146,,-0.4,2.0,1.6,0.8,East
269,Chuck Nevitt\nevitch01,C,34,SAS,1,1,46.0,0.568,,,100.0,0.0,56.3,0.0,0.0,0.0,27.5,100.0,,0.0,0.0,0.0,-0.174,,0.8,-29.3,-28.5,0.0,West
270,Johnny Newman\newmajo01,SF,30,TOT,81,1697,14.1,0.545,0.136,0.33899999999999997,5.4,5.9,5.7,6.7,2.0,1.0,10.6,21.3,,2.4,1.3,3.7,0.106,,0.2,-1.4,-1.2,0.4,NaN
270,Johnny Newman\newmajo01,SF,30,CHH,18,429,16.9,0.585,0.092,0.33899999999999997,5.6,9.3,7.5,10.6,2.1,0.7,12.3,22.6,,0.8,0.3,1.0,0.11599999999999999,,1.3,-1.5,-0.2,0.2,East
270,Johnny Newman\newmajo01,SF,30,NJN,63,1268,13.2,0.531,0.151,0.33899999999999997,5.3,4.8,5.1,5.4,2.0,1.1,9.9,20.8,,1.6,1.1,2.7,0.102,,-0.2,-1.3,-1.5,0.2,East
271,Ken Norman\normake01,SF,29,MIL,82,2539,12.6,0.49,0.20600000000000002,0.19899999999999998,7.2,15.9,11.3,14.3,1.2,1.2,13.0,19.6,,0.6,1.3,1.9,0.036000000000000004,,-0.8,-0.6,-1.5,0.3,East
272,Shaquille O'Neal*\onealsh01,C,21,ORL,81,3224,28.5,0.605,0.001,0.534,13.5,23.7,18.7,11.0,1.2,4.5,10.2,29.0,,12.1,4.8,16.9,0.252,,5.4,1.2,6.6,7.1,East
273,Dan O'Sullivan\osullda01,C,25,DET,13,56,6.6,0.49200000000000005,0.0,1.0,3.9,16.1,9.9,7.3,0.0,0.0,14.8,15.9,,0.0,0.0,0.0,0.017,,-5.6,-2.9,-8.5,-0.1,East
274,Charles Oakley\oaklech01,PF,30,NYK,82,2932,15.3,0.54,0.004,0.41200000000000003,13.8,23.3,18.6,11.3,1.9,0.4,17.7,16.3,,3.7,6.8,10.5,0.172,,0.2,3.8,4.0,4.4,East
275,Hakeem Olajuwon*\olajuha01,C,31,HOU,80,3277,25.3,0.565,0.011000000000000001,0.32,8.2,23.3,16.2,16.4,2.0,5.7,12.3,29.8,,6.4,7.9,14.3,0.21,,2.2,4.7,7.0,7.4,West
276,Jimmy Oliver\oliveji01,SG,24,BOS,44,540,10.1,0.473,0.15,0.154,1.7,8.0,4.8,9.1,1.5,0.1,8.4,20.0,,0.0,0.2,0.2,0.016,,-2.7,-2.8,-5.5,-0.5,East
277,Bo Outlaw\outlabo01,SF,22,LAC,37,871,14.3,0.605,0.012,0.617,10.0,15.8,12.9,5.6,2.0,2.6,12.7,11.5,,1.5,0.9,2.3,0.127,,-0.3,1.6,1.3,0.7,West
278,Doug Overton\overtdo01,PG,24,WSB,61,749,8.4,0.456,0.051,0.24100000000000002,2.9,8.0,5.4,17.7,1.4,0.1,18.4,16.8,,-0.4,0.0,-0.4,-0.027999999999999997,,-4.1,-2.8,-6.9,-0.9,East
279,Billy Owens\owensbi01,PF,24,GSW,79,2738,15.6,0.532,0.015,0.336,9.3,15.9,12.6,16.8,1.5,1.3,16.1,20.0,,3.0,2.6,5.7,0.099,,0.6,0.9,1.5,2.4,West
280,Robert Pack\packro01,PG,24,DEN,66,1382,15.0,0.52,0.057999999999999996,0.469,2.1,7.6,4.9,40.4,2.9,0.4,25.2,25.0,,-0.3,1.9,1.7,0.057,,-1.2,-1.2,-2.5,-0.2,West
281,Gerald Paddio\paddige01,SF,28,TOT,18,137,8.5,0.395,0.017,0.267,4.2,9.3,6.8,12.3,1.5,0.0,8.2,23.1,,-0.2,0.1,-0.1,-0.035,,-5.1,-3.4,-8.5,-0.2,NaN
281,Gerald Paddio\paddige01,SF,28,IND,7,55,5.2,0.39799999999999996,0.0,0.087,0.0,10.1,5.3,11.4,0.9,0.0,14.3,22.2,,-0.1,0.0,-0.1,-0.07400000000000001,,-7.7,-3.0,-10.7,-0.1,East
281,Gerald Paddio\paddige01,SF,28,NYK,3,8,0.6,0.4,0.0,0.0,0.0,0.0,0.0,0.0,0.0,0.0,0.0,27.4,,0.0,0.0,0.0,-0.016,,-8.2,-6.6,-14.8,0.0,East
281,Gerald Paddio\paddige01,SF,28,WSB,8,74,11.8,0.39299999999999996,0.031,0.43799999999999994,7.8,9.7,8.7,14.3,2.0,0.0,5.0,23.3,,0.0,0.0,0.0,-0.008,,-2.8,-3.3,-6.2,-0.1,East
282,Robert Parish*\parisro01,C,40,BOS,74,1987,16.1,0.53,0.0,0.287,8.0,22.9,15.4,6.3,1.1,3.0,11.7,20.2,,1.8,2.1,4.0,0.095,,-1.6,0.4,-1.2,0.4,East
283,John Paxson\paxsojo01,PG,33,CHI,27,343,8.3,0.508,0.324,0.028999999999999998,1.0,5.8,3.4,13.1,1.1,0.4,8.0,9.7,,0.3,0.3,0.6,0.08800000000000001,,-2.5,-1.3,-3.8,-0.2,East
284,Gary Payton*\paytoga01,PG,25,SEA,82,2881,17.8,0.526,0.047,0.24100000000000002,4.3,6.8,5.5,26.7,3.3,0.5,11.9,21.6,,5.2,4.1,9.3,0.155,,2.3,0.5,2.8,3.5,West
285,Anthony Peeler\peelean01,SG,24,LAL,30,923,13.4,0.48,0.154,0.174,5.4,7.5,6.4,15.9,2.3,0.5,11.8,22.8,,0.3,0.4,0.8,0.04,,0.0,-1.4,-1.4,0.1,West
286,Mike Peplowski\peplomi01,C,23,SAC,55,667,9.6,0.5489999999999999,0.006999999999999999,0.312,7.9,20.1,13.8,5.2,1.3,2.4,17.5,12.3,,0.3,0.7,0.9,0.066,,-3.7,0.6,-3.1,-0.2,West
287,Will Perdue\perduwi01,C,28,CHI,43,397,9.8,0.46399999999999997,0.009000000000000001,0.28600000000000003,11.8,25.4,18.6,12.2,1.1,1.9,25.0,18.7,,-0.4,0.7,0.2,0.03,,-5.3,1.2,-4.1,-0.2,East
288,Sam Perkins\perkisa01,PF,32,SEA,81,2170,14.9,0.556,0.34700000000000003,0.349,6.5,13.5,10.0,7.4,1.6,1.0,10.3,19.8,,4.2,2.8,7.0,0.155,,1.5,-0.7,0.7,1.5,West
289,Elliot Perry\perryel01,PG,24,PHO,27,432,11.3,0.419,0.027000000000000003,0.248,3.2,7.0,5.1,37.4,2.9,0.1,25.5,16.3,,-0.1,0.4,0.3,0.031,,-3.4,-2.0,-5.4,-0.4,West
290,Tim Perry\perryti01,PF,28,PHI,80,2336,11.5,0.512,0.32,0.282,5.5,13.5,9.5,6.0,1.3,2.1,10.2,14.6,,1.3,1.3,2.6,0.054000000000000006,,-1.2,0.0,-1.2,0.5,East
291,Chuck Person\persoch01,SF,29,MIN,77,2029,11.7,0.502,0.32299999999999995,0.128,3.3,11.2,7.3,15.7,1.1,0.4,12.0,21.8,,0.4,0.8,1.2,0.027999999999999997,,-0.1,-2.3,-2.4,-0.2,West
292,Richard Petruska\petruri01,C,25,HOU,22,92,12.3,0.535,0.326,0.174,11.5,25.2,18.7,1.8,1.1,2.0,23.2,31.0,,-0.2,0.2,0.0,-0.013999999999999999,,-6.6,-4.2,-10.8,-0.2,West
293,Bobby Phills\phillbo01,SG,24,CLE,72,1531,14.1,0.513,0.023,0.305,5.4,10.7,8.0,13.8,2.3,0.5,9.8,18.9,,1.9,1.7,3.5,0.111,,-0.4,0.0,-0.4,0.6,East
294,Ricky Pierce\piercri01,SG,34,SEA,51,1022,20.8,0.552,0.055,0.366,3.4,6.3,4.8,15.4,2.1,0.4,8.7,30.8,,2.9,1.1,4.0,0.188,,1.8,-3.1,-1.3,0.2,West
295,Ed Pinckney\pincked01,PF,30,BOS,76,1524,14.5,0.573,0.0,0.433,11.8,23.7,17.7,5.5,1.9,1.8,15.3,11.6,,2.2,1.8,4.0,0.126,,-0.9,1.6,0.7,1.0,East
296,Scottie Pippen*\pippesc01,SF,28,CHI,72,2759,23.2,0.544,0.154,0.32,7.3,19.4,13.3,24.6,4.0,1.4,13.7,27.1,,5.2,6.0,11.2,0.19399999999999998,,4.5,3.8,8.3,7.2,East
297,Olden Polynice\polynol01,C,29,TOT,68,2402,14.9,0.529,0.003,0.289,13.4,23.8,18.5,2.6,0.9,1.8,9.5,14.8,,3.1,2.0,5.1,0.102,,-1.3,-0.6,-1.9,0.1,NaN
297,Olden Polynice\polynol01,C,29,DET,37,1350,15.9,0.544,0.002,0.22699999999999998,12.0,25.6,18.7,2.6,0.9,1.7,9.9,16.1,,1.7,1.2,2.9,0.102,,-1.3,-0.7,-2.1,0.0,East
297,Olden Polynice\polynol01,C,29,SAC,31,1052,13.7,0.506,0.004,0.387,15.3,21.4,18.3,2.6,0.8,1.9,8.8,13.2,,1.4,0.9,2.2,0.102,,-1.2,-0.4,-1.7,0.1,West
298,Terry Porter\portete01,PG,30,POR,77,2074,16.4,0.5379999999999999,0.337,0.28,2.3,9.3,5.6,28.2,1.9,0.6,15.0,21.7,,3.5,1.8,5.4,0.124,,2.4,-1.3,1.0,1.6,West
299,Brent Price\pricebr01,PG,25,WSB,65,1035,13.2,0.5489999999999999,0.46,0.267,3.4,6.8,5.1,30.5,2.7,0.1,24.6,20.0,,0.5,0.2,0.7,0.033,,0.4,-3.1,-2.6,-0.2,East
300,Mark Price\pricema01,PG,29,CLE,76,2386,22.7,0.586,0.29600000000000004,0.267,1.9,9.2,5.6,42.0,2.3,0.3,14.4,24.6,,7.6,2.4,10.0,0.201,,6.2,-1.7,4.6,3.9,East
301,Dino Radja*\radjadi01,PF,26,BOS,80,2303,18.2,0.562,0.001,0.32,9.3,19.0,14.1,7.9,1.5,1.8,12.2,23.0,,3.8,2.2,5.9,0.124,,0.8,-0.2,0.5,1.5,East
302,Kurt Rambis\rambiku01,PF,35,LAL,50,635,14.0,0.565,0.009000000000000001,0.623,13.8,18.7,16.2,6.8,1.7,2.3,15.2,11.4,,1.0,0.6,1.7,0.125,,-0.9,0.8,-0.1,0.3,West
303,Mark Randall\randama01,PF,26,DEN,28,155,11.2,0.465,0.28,0.56,6.7,9.0,7.9,10.3,2.6,1.2,13.8,19.9,,0.0,0.2,0.2,0.07400000000000001,,-2.1,-0.3,-2.4,0.0,West
304,J.R. Reid\reidjr01,PF,25,SAS,70,1344,14.7,0.525,0.006,0.289,8.0,10.3,9.2,8.9,1.7,1.2,12.3,22.7,,1.5,1.5,3.0,0.107,,-0.6,-0.9,-1.5,0.2,West
305,Glen Rice\ricegl01,SF,26,MIA,81,2999,18.5,0.552,0.243,0.2,2.9,13.6,8.2,10.5,1.9,0.7,7.8,24.1,,7.3,2.9,10.2,0.163,,2.8,-1.0,1.8,2.9,East
306,Pooh Richardson\richapo01,PG,27,IND,37,1022,13.3,0.47700000000000004,0.034,0.218,3.3,9.0,6.2,36.0,1.6,0.2,18.5,20.4,,0.4,0.9,1.4,0.064,,-0.7,-1.4,-2.1,0.0,East
307,Mitch Richmond*\richmmi01,SG,28,SAC,78,2897,17.7,0.551,0.218,0.358,2.6,8.3,5.4,18.5,1.8,0.4,11.6,27.2,,5.2,1.2,6.4,0.106,,3.2,-2.0,1.2,2.3,West
308,Isaiah Rider\rideris01,SG,22,MIN,79,2415,14.2,0.5329999999999999,0.135,0.23800000000000002,5.9,9.3,7.6,15.5,1.1,0.7,15.0,26.2,,0.9,0.8,1.7,0.034,,0.4,-2.2,-1.8,0.1,West
309,Eric Riley\rileyer01,C,23,HOU,47,219,13.4,0.51,0.013999999999999999,0.529,12.9,16.8,15.0,6.3,1.2,2.6,14.8,20.5,,0.1,0.4,0.4,0.09699999999999999,,-3.6,-0.2,-3.7,-0.1,West
310,Doc Rivers\riverdo01,PG,32,NYK,19,499,12.9,0.523,0.409,0.17300000000000001,0.9,7.8,4.4,29.7,2.6,0.7,17.5,14.5,,0.6,0.9,1.5,0.146,,-0.4,0.6,0.2,0.3,East
311,Stanley Roberts\roberst01,C,23,LAC,14,350,8.5,0.436,0.0,0.44,8.3,19.9,14.1,4.4,0.8,4.3,16.7,16.9,,-0.5,0.4,-0.1,-0.013999999999999999,,-6.0,0.6,-5.3,-0.3,West
312,Clifford Robinson\robincl02,C,27,POR,82,2853,17.4,0.513,0.038,0.32799999999999996,6.0,15.4,10.5,8.9,2.0,2.5,9.5,25.4,,3.7,3.7,7.5,0.126,,0.0,0.6,0.6,1.9,West
313,David Robinson*\robinda01,C,28,SAS,80,3241,30.7,0.5770000000000001,0.017,0.5579999999999999,8.8,20.3,14.8,21.6,2.3,5.4,10.9,32.0,,13.3,6.7,20.0,0.29600000000000004,,6.8,4.2,10.9,10.6,West
314,James Robinson\robinja02,PG,23,POR,58,673,10.0,0.439,0.256,0.235,5.3,7.4,6.3,14.5,2.2,1.4,14.2,22.2,,-0.5,0.7,0.2,0.015,,-2.4,-0.9,-3.4,-0.2,West
315,Larry Robinson\robinla01,SG,26,HOU,6,55,13.0,0.531,0.4,0.4,8.6,11.5,10.1,17.4,6.4,0.0,29.8,27.0,,-0.1,0.1,0.0,-0.002,,-2.2,3.1,0.9,0.0,West
316,Rumeal Robinson\robinru01,PG,27,TOT,31,396,6.1,0.39799999999999996,0.132,0.191,1.6,7.0,4.3,23.6,2.3,0.5,20.7,22.2,,-1.0,0.3,-0.6,-0.077,,-5.5,-1.7,-7.2,-0.5,NaN
316,Rumeal Robinson\robinru01,PG,27,NJN,17,301,7.5,0.395,0.126,0.168,1.4,7.1,4.2,22.7,2.5,0.6,16.4,21.4,,-0.5,0.3,-0.2,-0.038,,-4.5,-1.2,-5.7,-0.3,East
316,Rumeal Robinson\robinru01,PG,27,CHH,14,95,1.6,0.406,0.152,0.273,2.4,6.8,4.7,26.5,1.6,0.0,32.8,24.7,,-0.4,0.0,-0.4,-0.203,,-8.7,-3.4,-12.1,-0.2,East
317,Dennis Rodman*\rodmade01,PF,32,SAS,79,2989,13.4,0.5489999999999999,0.08199999999999999,0.349,17.9,32.8,25.7,8.2,0.9,0.7,29.1,7.1,,3.3,5.4,8.7,0.14,,0.4,3.1,3.5,4.2,West
318,Rodney Rogers\rogerro01,SF,22,DEN,79,1406,12.9,0.509,0.16899999999999998,0.34700000000000003,7.4,10.4,8.9,11.4,2.2,2.1,17.3,23.0,,-0.1,2.1,2.0,0.067,,-1.4,0.5,-0.9,0.4,West
319,Tree Rollins\rollitr01,C,38,ORL,45,384,11.4,0.574,0.0,0.5660000000000001,9.7,18.2,14.0,3.0,0.9,5.7,16.4,8.8,,0.4,0.5,0.9,0.113,,-2.9,2.1,-0.8,0.1,East
320,Sean Rooks\rooksse01,C,24,DAL,47,1255,14.6,0.552,0.003,0.534,7.0,16.9,11.6,6.3,0.9,2.4,14.1,19.1,,1.4,0.7,2.2,0.083,,-1.9,-0.9,-2.8,-0.3,West
321,Donald Royal\royaldo01,SF,27,ORL,74,1357,14.6,0.588,0.006,0.775,7.9,12.6,10.3,6.3,1.9,0.7,14.0,17.0,,2.6,1.2,3.8,0.135,,-0.3,-0.6,-0.9,0.4,East
322,Bryon Russell\russebr01,SF,23,UTA,67,1121,11.1,0.516,0.079,0.36200000000000004,6.4,12.2,9.3,7.0,3.1,1.2,14.5,14.9,,0.4,1.7,2.1,0.08900000000000001,,-1.6,2.3,0.7,0.8,West
323,John Salley\sallejo01,PF,29,MIA,76,1910,13.0,0.544,0.006999999999999999,0.516,7.8,16.4,12.1,10.1,1.5,2.8,14.9,14.2,,2.5,2.3,4.8,0.122,,-0.7,1.9,1.2,1.6,East
324,Danny Schayes\schayda01,C,34,TOT,36,363,7.4,0.433,0.0,0.381,9.1,15.6,12.2,5.0,1.4,1.8,19.0,14.3,,-0.2,0.2,0.0,-0.001,,-5.9,-0.8,-6.6,-0.4,NaN
324,Danny Schayes\schayda01,C,34,MIL,23,230,6.3,0.44,0.0,0.478,7.6,15.3,11.2,3.1,1.1,2.3,20.1,13.1,,-0.2,0.1,0.0,-0.006999999999999999,,-6.8,-0.9,-7.7,-0.3,East
324,Danny Schayes\schayda01,C,34,LAL,13,133,9.3,0.425,0.0,0.263,11.7,16.2,13.9,8.3,1.9,0.9,17.5,16.3,,-0.1,0.1,0.0,0.011000000000000001,,-4.3,-0.6,-4.8,-0.1,West
325,Steve Scheffler\schefst01,C,26,SEA,35,152,17.7,0.684,0.0,0.435,8.6,11.7,10.1,6.0,2.3,0.0,12.7,17.7,,0.5,0.2,0.7,0.228,,1.5,-1.5,0.0,0.1,West
326,Dwayne Schintzius\schindw01,C,25,NJN,30,319,7.8,0.37200000000000005,0.0,0.20199999999999999,8.4,21.2,14.7,5.8,1.1,3.3,12.4,13.8,,-0.3,0.5,0.2,0.028999999999999998,,-5.8,1.4,-4.4,-0.2,East
327,Detlef Schrempf\schrede01,SF,31,SEA,81,2728,14.9,0.564,0.075,0.43200000000000005,6.2,13.5,9.9,14.8,1.4,0.2,13.9,19.6,,5.1,3.2,8.4,0.14800000000000002,,1.2,0.1,1.2,2.2,West
328,Byron Scott\scottby01,SG,32,IND,67,1197,17.6,0.5489999999999999,0.135,0.35600000000000004,1.9,8.5,5.3,18.9,2.7,0.5,14.0,27.0,,1.7,1.4,3.1,0.12300000000000001,,0.7,-1.4,-0.7,0.4,East
329,Dennis Scott\scottde01,SF,25,ORL,82,2283,14.1,0.513,0.409,0.168,2.7,8.0,5.4,13.9,1.8,0.9,8.4,20.8,,3.4,1.5,5.0,0.10400000000000001,,1.6,-1.6,0.0,1.2,East
330,Malik Sealy\sealyma01,SF,23,IND,43,623,12.1,0.456,0.057999999999999996,0.318,8.3,13.4,11.0,12.4,2.6,0.9,14.0,25.6,,-0.3,0.9,0.6,0.043,,-2.6,-0.3,-2.9,-0.1,East
331,Rony Seikaly\seikaro01,C,28,MIA,72,2410,17.1,0.55,0.002,0.526,11.5,23.4,17.4,8.8,1.3,2.9,16.5,21.2,,3.3,3.4,6.7,0.133,,-0.2,1.3,1.1,1.9,East
332,Brian Shaw\shawbr01,SG,27,MIA,77,2037,13.4,0.491,0.324,0.133,5.8,13.7,9.7,28.2,1.8,0.7,19.7,18.6,,1.2,2.0,3.2,0.076,,0.7,0.1,0.8,1.4,East
333,Lionel Simmons\simmoli01,SF,25,SAC,75,2702,14.8,0.496,0.017,0.324,6.6,16.3,11.4,17.5,1.9,1.2,13.9,20.6,,1.5,2.3,3.8,0.067,,-0.5,1.2,0.7,1.9,West
334,Scott Skiles\skilesc01,PG,29,ORL,82,2303,13.1,0.5489999999999999,0.256,0.345,2.1,7.1,4.6,30.0,1.0,0.1,20.6,17.3,,3.5,0.9,4.4,0.091,,0.1,-2.9,-2.8,-0.5,East
335,Charles Smith\smithch01,SF,28,NYK,43,1105,11.3,0.496,0.04,0.305,6.9,9.9,8.5,7.2,1.2,2.9,12.4,20.4,,0.4,2.0,2.4,0.10400000000000001,,-2.6,1.7,-1.0,0.3,East
336,Chris Smith\smithch03,PG,23,MIN,80,1617,10.2,0.488,0.092,0.33299999999999996,1.1,7.6,4.4,27.4,1.2,0.7,17.2,15.8,,0.4,0.5,0.9,0.025,,-2.7,-2.7,-5.3,-1.4,West
337,Doug Smith\smithdo03,PF,24,DAL,79,1684,13.5,0.47600000000000003,0.013000000000000001,0.187,7.1,16.9,11.6,11.8,2.5,1.5,11.2,20.8,,0.7,1.6,2.3,0.066,,-1.9,0.1,-1.7,0.1,West
338,Kenny Smith\smithke01,PG,28,HOU,78,2209,14.2,0.581,0.309,0.218,1.3,5.4,3.5,22.6,1.4,0.1,13.9,18.1,,3.9,2.2,6.1,0.132,,0.9,-1.7,-0.8,0.7,West
339,LaBradford Smith\smithla02,SG,24,TOT,66,877,11.6,0.484,0.196,0.275,4.2,6.4,5.3,18.7,2.2,0.4,12.7,18.9,,0.4,0.4,0.8,0.045,,-1.3,-1.9,-3.2,-0.3,NaN
339,LaBradford Smith\smithla02,SG,24,WSB,7,48,25.5,0.578,0.0,1.111,12.0,7.4,9.7,16.2,3.1,1.3,3.6,24.9,,0.3,0.0,0.3,0.28300000000000003,,5.6,-2.0,3.6,0.1,East
339,LaBradford Smith\smithla02,SG,24,SAC,59,829,10.8,0.47600000000000003,0.20800000000000002,0.222,3.7,6.3,5.0,18.9,2.2,0.3,13.4,18.6,,0.1,0.4,0.5,0.031,,-1.7,-1.9,-3.6,-0.3,West
340,Reggie Smith\smithre01,PF,23,POR,43,316,9.4,0.428,0.0,0.528,13.2,21.2,17.1,1.7,1.8,1.2,11.9,13.0,,0.0,0.4,0.4,0.068,,-4.5,-0.8,-5.3,-0.3,West
341,Steve Smith\smithst01,SG,24,MIA,78,2776,17.2,0.552,0.243,0.304,6.4,8.0,7.2,22.5,1.5,0.9,14.2,22.1,,6.2,1.9,8.1,0.141,,3.6,-0.8,2.8,3.4,East
342,Tony Smith\smithto02,SG,25,LAL,73,1617,12.8,0.48200000000000004,0.081,0.193,6.8,6.2,6.5,13.8,1.8,0.5,10.2,19.4,,1.2,0.5,1.7,0.05,,-0.6,-1.7,-2.3,-0.1,West
343,Rik Smits\smitsri01,C,27,IND,78,2113,19.7,0.58,0.001,0.325,7.7,18.4,13.2,13.0,1.2,2.6,12.5,25.0,,4.7,3.0,7.8,0.177,,1.7,0.6,2.3,2.3,East
344,Andre Spencer\spencan01,SF,29,TOT,28,349,15.6,0.523,0.0,0.653,9.2,13.6,11.4,9.5,2.7,1.3,12.1,20.8,,0.4,0.3,0.8,0.109,,-1.1,-0.3,-1.5,0.0,NaN
344,Andre Spencer\spencan01,SF,29,GSW,5,63,12.0,0.531,0.0,0.222,7.0,13.5,10.3,6.4,0.8,1.9,9.2,14.2,,0.1,0.0,0.1,0.096,,-2.4,-1.2,-3.6,0.0,West
344,Andre Spencer\spencan01,SF,29,SAC,23,286,16.4,0.522,0.0,0.73,9.7,13.7,11.6,10.2,3.1,1.1,12.6,22.3,,0.4,0.3,0.7,0.11199999999999999,,-0.9,-0.1,-1.0,0.1,West
345,Elmore Spencer\spencel01,C,24,LAC,76,1930,10.7,0.55,0.004,0.3,5.3,17.4,11.4,5.6,0.7,4.0,21.6,16.7,,-1.0,1.6,0.6,0.016,,-4.3,0.9,-3.4,-0.7,West
346,Felton Spencer\spencfe01,C,26,UTA,79,2210,11.7,0.54,0.0,0.536,12.5,21.8,17.2,2.8,1.0,2.1,16.9,15.1,,1.4,3.2,4.7,0.102,,-2.0,0.9,-1.2,0.5,West
347,Latrell Sprewell\sprewla01,SG,23,GSW,82,3533,15.9,0.532,0.276,0.322,2.5,9.7,6.1,15.3,2.5,1.3,12.3,21.5,,4.7,3.2,8.0,0.10800000000000001,,1.7,0.3,2.0,3.6,West
348,John Starks\starkjo01,SG,28,NYK,59,2057,16.0,0.516,0.345,0.254,2.1,8.0,5.1,28.9,2.4,0.2,14.5,27.1,,2.1,3.7,5.8,0.135,,2.5,0.2,2.7,2.4,East
349,Larry Stewart\stewala01,SF,25,WSB,3,35,13.6,0.524,0.0,1.25,3.3,20.4,11.7,7.9,2.9,1.8,13.9,17.7,,0.0,0.0,0.1,0.083,,-3.7,-0.1,-3.8,0.0,East
350,Bryant Stith\stithbr01,SG,23,DEN,82,2853,12.7,0.53,0.011000000000000001,0.433,4.8,8.7,6.8,10.4,2.0,0.4,11.9,16.4,,3.4,3.4,6.8,0.114,,-0.2,1.0,0.8,2.0,West
351,John Stockton*\stockjo01,PG,31,UTA,82,2969,22.5,0.608,0.172,0.389,2.8,7.1,5.0,53.1,3.5,0.5,20.7,19.1,,9.3,4.0,13.2,0.214,,5.2,-0.8,4.4,4.8,West
352,Rod Strickland\stricro02,PG,27,POR,82,2889,19.8,0.5429999999999999,0.009000000000000001,0.431,4.4,9.8,7.0,38.2,2.5,0.5,16.5,22.0,,6.3,3.0,9.3,0.155,,3.2,0.2,3.4,3.9,West
353,Derek Strong\stronde01,PF,25,MIL,67,1131,14.6,0.514,0.038,0.604,10.5,18.5,14.3,6.6,1.7,0.8,12.4,18.8,,1.3,0.8,2.1,0.08800000000000001,,-2.3,-1.6,-3.8,-0.5,East
354,Isiah Thomas*\thomais01,PG,32,DET,58,1750,15.2,0.488,0.165,0.33799999999999997,2.9,7.3,5.0,36.7,2.0,0.2,18.7,27.0,,-0.2,0.4,0.2,0.006999999999999999,,0.3,-2.4,-2.0,0.0,East
355,Kevin Thompson\thompke01,C,22,POR,14,58,4.9,0.43700000000000006,0.071,0.14300000000000002,12.6,11.8,12.2,6.9,0.0,2.2,25.2,14.0,,-0.1,0.0,0.0,-0.016,,-4.9,-0.6,-5.6,-0.1,West
356,LaSalle Thompson\thompla01,C,32,IND,30,282,6.1,0.38799999999999996,0.0,0.39,11.1,19.4,15.4,8.0,1.8,1.9,20.3,17.6,,-0.5,0.5,0.0,-0.005,,-5.7,1.0,-4.7,-0.2,East
357,Otis Thorpe\thorpot01,PF,31,HOU,82,2909,16.1,0.593,0.002,0.47700000000000004,11.0,21.7,16.6,9.9,1.1,0.6,16.0,17.6,,4.9,4.9,9.8,0.162,,0.3,1.7,2.0,2.9,West
358,Sedale Threatt\threase01,PG,32,LAL,81,2278,15.3,0.524,0.039,0.182,1.3,6.2,3.6,23.1,2.4,0.5,10.3,19.0,,3.6,1.0,4.5,0.096,,0.3,-1.9,-1.7,0.2,West
359,Wayman Tisdale\tisdawa01,PF,29,SAC,79,2557,15.8,0.541,0.0,0.24100000000000002,6.6,17.5,12.0,9.2,0.7,1.3,9.2,22.2,,3.8,1.6,5.4,0.10099999999999999,,-0.1,-1.1,-1.2,0.5,West
360,Tom Tolbert\tolbeto01,SF,28,LAC,49,640,7.9,0.475,0.09,0.254,6.0,11.8,9.0,6.4,1.0,1.4,16.5,15.2,,-0.3,0.3,0.0,0.0,,-4.5,-1.1,-5.5,-0.6,West
361,Sedric Toney\toneyse01,PG,31,CLE,12,64,-0.9,0.233,0.083,0.16699999999999998,1.8,3.6,2.7,22.7,0.0,0.0,28.0,12.5,,-0.2,0.0,-0.2,-0.11699999999999999,,-9.2,-4.0,-13.2,-0.2,East
362,Keith Tower\towerke01,C,23,ORL,11,32,5.5,0.444,0.0,0.0,0.0,20.8,10.5,4.3,0.0,0.0,0.0,12.0,,0.0,0.0,0.0,0.051,,-5.8,-2.7,-8.6,-0.1,East
363,Jeff Turner\turneje01,PF,31,ORL,68,1536,7.6,0.506,0.129,0.106,5.8,13.9,9.9,5.4,0.8,0.5,14.4,14.5,,0.4,1.0,1.4,0.043,,-2.6,-1.0,-3.6,-0.6,East
364,Nick Van Exel\vanexni01,PG,22,LAL,81,2700,13.6,0.485,0.34700000000000003,0.183,1.8,8.0,4.8,25.4,1.6,0.2,11.3,19.9,,2.7,0.7,3.4,0.061,,1.1,-2.5,-1.4,0.4,West
365,Loy Vaught\vaughlo01,PF,25,LAC,75,2118,16.0,0.5660000000000001,0.006999999999999999,0.262,11.0,21.8,16.5,5.2,1.7,0.6,11.0,17.0,,3.4,2.2,5.5,0.125,,-0.2,-0.5,-0.8,0.7,West
366,Kenny Walker\walkeke01,SF,29,WSB,73,1397,10.7,0.5329999999999999,0.011000000000000001,0.456,9.7,14.6,12.1,3.3,0.9,2.6,11.8,11.5,,1.5,0.4,1.9,0.065,,-2.0,-0.6,-2.6,-0.2,East
367,Rex Walters\waltere01,SG,23,NJN,48,386,16.2,0.623,0.243,0.29600000000000004,1.6,8.9,5.2,28.6,2.0,0.5,18.8,17.5,,0.8,0.4,1.2,0.149,,1.0,-2.0,-1.1,0.1,East
368,Clarence Weatherspoon\weathcl01,SF,23,PHI,82,3147,18.1,0.525,0.013999999999999999,0.345,8.8,20.2,14.5,10.3,1.6,2.2,12.0,22.5,,3.1,2.8,6.0,0.091,,-0.1,0.7,0.5,2.0,East
369,Spud Webb\webbsp01,PG,30,SAC,79,2567,15.2,0.546,0.20199999999999999,0.31,1.8,7.7,4.7,31.2,1.8,0.6,15.4,17.9,,4.0,1.1,5.1,0.096,,1.2,-1.8,-0.6,0.9,West
370,Chris Webber\webbech01,C,20,GSW,76,2438,21.7,0.5589999999999999,0.013999999999999999,0.342,13.8,17.0,15.4,17.1,1.8,4.1,14.7,23.7,,4.6,3.2,7.8,0.154,,2.9,2.4,5.3,4.5,West
371,Bill Wennington\wennibi01,C,30,CHI,76,1371,14.0,0.52,0.004,0.183,10.0,20.2,15.1,7.9,1.6,1.5,12.6,19.2,,1.3,2.3,3.5,0.124,,-1.9,0.4,-1.5,0.2,East
372,Matt Wenstrom\wenstma01,C,23,BOS,11,37,15.6,0.625,0.0,1.0,18.2,18.4,18.3,0.0,0.0,3.4,21.7,21.6,,0.0,0.0,0.1,0.098,,-3.5,-6.1,-9.6,-0.1,East
373,David Wesley\wesleda01,PG,23,NJN,60,542,13.0,0.46399999999999997,0.27,0.305,1.9,6.7,4.3,33.3,3.5,0.5,20.9,19.4,,-0.1,0.7,0.6,0.053,,-1.8,-1.4,-3.2,-0.2,East
374,Doug West\westdo01,SG,26,MIN,72,2182,13.3,0.532,0.009000000000000001,0.259,3.4,8.9,6.2,14.1,1.5,0.7,12.1,22.6,,1.6,0.9,2.6,0.055999999999999994,,-0.6,-1.6,-2.2,-0.1,West
375,Mark West\westma01,C,33,PHO,82,1236,12.3,0.5670000000000001,0.0,0.406,10.3,16.5,13.4,3.6,1.2,5.5,18.0,13.9,,0.8,1.6,2.4,0.094,,-2.4,1.7,-0.7,0.4,West
376,Ennis Whatley\whatlen01,PG,31,ATL,82,1004,12.8,0.551,0.025,0.28,2.4,8.5,5.4,25.7,3.0,0.1,22.7,14.7,,0.8,1.4,2.2,0.105,,-2.3,-0.1,-2.4,-0.1,East
377,Randy White\whitera01,PF,26,DAL,18,320,11.4,0.45399999999999996,0.179,0.295,9.8,20.1,14.6,5.4,1.6,2.1,12.5,19.1,,-0.1,0.3,0.2,0.032,,-3.4,-1.2,-4.7,-0.2,West
378,Chris Whitney\whitnch01,PG,22,SAS,40,339,3.5,0.406,0.366,0.183,1.7,7.6,4.8,21.4,1.7,0.2,29.5,16.6,,-0.7,0.3,-0.3,-0.049,,-5.6,-1.7,-7.3,-0.5,West
379,Morlon Wiley\wileymo01,PG,27,TOT,16,158,4.1,0.36200000000000004,0.345,0.0,0.0,7.5,3.6,20.1,4.8,0.0,37.0,12.4,,-0.4,0.2,-0.2,-0.069,,-7.0,0.4,-6.6,-0.2,NaN
379,Morlon Wiley\wileymo01,PG,27,MIA,4,34,4.2,0.43799999999999994,0.5,0.0,0.0,13.4,6.7,28.6,3.0,0.0,42.9,17.7,,-0.1,0.0,-0.1,-0.10400000000000001,,-7.2,-0.9,-8.1,-0.1,East
379,Morlon Wiley\wileymo01,PG,27,DAL,12,124,4.1,0.33299999999999996,0.28600000000000003,0.0,0.0,5.9,2.7,17.8,5.3,0.0,34.4,10.9,,-0.3,0.1,-0.2,-0.059000000000000004,,-7.0,0.8,-6.2,-0.1,West
380,Dominique Wilkins*\wilkido01,SF,34,TOT,74,2635,21.4,0.529,0.18600000000000003,0.32899999999999996,7.5,12.3,9.9,11.3,1.7,0.7,8.6,32.0,,5.6,2.8,8.4,0.153,,3.0,-2.2,0.9,1.9,NaN
380,Dominique Wilkins*\wilkido01,SF,34,ATL,49,1687,21.1,0.526,0.19899999999999998,0.32299999999999995,7.7,12.2,9.9,11.9,1.9,0.8,9.5,32.0,,3.5,2.3,5.8,0.166,,2.9,-1.5,1.4,1.4,East
380,Dominique Wilkins*\wilkido01,SF,34,LAC,25,948,21.8,0.535,0.16399999999999998,0.33799999999999997,7.1,12.5,9.9,10.3,1.5,0.5,7.1,31.9,,2.1,0.5,2.6,0.13,,3.3,-3.3,0.0,0.5,West
381,Gerald Wilkins\wilkige01,SG,30,CLE,82,2768,14.9,0.539,0.217,0.256,4.4,8.3,6.4,14.7,2.0,0.9,10.8,19.7,,4.2,2.6,6.8,0.11800000000000001,,1.7,0.0,1.7,2.6,East
382,Aaron Williams\williaa01,PF,22,UTA,6,12,-7.0,0.237,0.0,0.125,9.8,19.0,14.4,13.0,0.0,0.0,10.6,34.8,,-0.1,0.0,-0.1,-0.327,,-13.7,-4.3,-18.0,0.0,West
383,Buck Williams\willibu01,PF,33,POR,81,2636,14.0,0.598,0.002,0.565,12.5,22.8,17.4,4.1,1.1,1.1,14.5,11.8,,4.7,3.2,7.9,0.14300000000000002,,0.0,1.0,1.0,2.0,West
384,Corey Williams\willico01,PG,23,MIN,4,46,8.0,0.409,0.077,0.077,2.6,12.5,7.6,20.1,2.2,0.0,13.0,14.7,,0.0,0.0,0.0,0.009000000000000001,,-4.1,-1.1,-5.3,0.0,West
385,Herb Williams\willihe01,C,35,NYK,70,774,10.4,0.46299999999999997,0.004,0.18,8.4,18.1,13.3,5.6,1.2,3.9,13.4,16.4,,-0.2,1.7,1.6,0.098,,-4.9,2.6,-2.3,-0.1,East
386,Hot Rod Williams\williho01,PF,31,CLE,76,2660,16.2,0.532,0.0,0.419,9.0,16.1,12.6,11.3,1.5,3.2,12.5,18.8,,3.8,3.6,7.4,0.134,,0.2,2.3,2.5,3.0,East
387,Jayson Williams\willija01,PF,25,NJN,70,877,13.0,0.466,0.0,0.406,12.9,18.8,15.8,4.5,1.0,2.5,9.2,18.3,,0.7,1.1,1.8,0.099,,-2.7,-0.7,-3.3,-0.3,East
388,John Williams\willijo02,SF,27,LAC,34,725,10.5,0.469,0.106,0.191,5.5,13.1,9.3,18.2,1.7,0.8,14.7,13.6,,0.3,0.5,0.8,0.05,,-2.0,0.2,-1.8,0.0,West
389,Kenny Williams\willike03,SF,24,IND,68,982,15.8,0.509,0.01,0.16399999999999998,11.4,12.7,12.1,8.7,1.3,3.4,9.7,20.7,,1.2,1.2,2.4,0.11900000000000001,,-0.5,0.3,-0.2,0.4,East
390,Lorenzo Williams\willilo01,PF,24,TOT,38,716,11.1,0.45,0.009000000000000001,0.255,13.9,20.6,17.0,4.9,1.3,4.3,15.2,8.5,,0.4,0.7,1.1,0.07200000000000001,,-3.1,2.1,-1.0,0.2,NaN
390,Lorenzo Williams\willilo01,PF,24,ORL,3,19,12.6,0.16699999999999998,0.16699999999999998,0.0,17.9,5.8,11.8,13.3,5.3,9.9,0.0,13.5,,0.0,0.0,0.0,0.049,,-2.5,8.0,5.5,0.0,East
390,Lorenzo Williams\willilo01,PF,24,CHH,1,19,3.3,0.0,0.0,0.0,0.0,22.6,11.6,0.0,2.6,6.5,50.0,4.5,,0.0,0.0,0.0,-0.04,,-11.1,4.5,-6.6,0.0,East
390,Lorenzo Williams\willilo01,PF,24,DAL,34,678,11.3,0.46799999999999997,0.0,0.272,14.2,20.9,17.3,4.8,1.1,4.1,15.4,8.5,,0.4,0.6,1.1,0.076,,-2.9,1.9,-1.0,0.2,West
391,Micheal Williams\willimi02,PG,27,MIN,71,2206,18.0,0.563,0.066,0.578,3.6,8.0,5.9,37.8,2.7,0.7,19.1,21.1,,4.1,1.5,5.6,0.122,,2.2,-1.1,1.1,1.7,West
392,Reggie Williams\willire01,SF,29,DEN,82,2654,13.1,0.478,0.22699999999999998,0.222,4.2,11.9,8.2,17.6,2.2,1.6,12.8,20.5,,0.9,3.9,4.8,0.08800000000000001,,-0.1,1.4,1.3,2.2,West
393,Scott Williams\willisc01,C,25,CHI,38,638,15.4,0.518,0.021,0.415,12.6,20.6,16.6,9.5,1.3,2.3,13.6,22.4,,0.6,1.1,1.7,0.125,,-1.4,0.2,-1.2,0.1,East
394,Walt Williams\williwa02,SF,23,SAC,57,1356,10.4,0.467,0.228,0.402,5.6,13.5,9.5,15.3,1.9,1.1,17.5,25.7,,-1.7,1.0,-0.7,-0.024,,-2.5,-0.8,-3.3,-0.5,West
395,Kevin Willis\willike02,PF,31,ATL,80,2867,19.4,0.5379999999999999,0.019,0.299,12.8,24.2,18.5,8.7,1.4,0.9,11.7,24.1,,5.1,5.1,10.2,0.17,,0.8,0.3,1.1,2.2,East
396,Trevor Wilson\wilsotr01,PF,25,TOT,57,1221,11.8,0.505,0.005,0.428,10.5,14.0,12.2,9.0,1.5,0.6,16.8,19.1,,0.0,0.8,0.8,0.031,,-2.2,-0.7,-2.9,-0.3,NaN
396,Trevor Wilson\wilsotr01,PF,25,LAL,5,126,15.1,0.51,0.0,0.6409999999999999,9.9,14.4,12.1,14.0,2.0,0.5,10.7,18.7,,0.2,0.1,0.3,0.10099999999999999,,-0.1,-0.7,-0.8,0.0,West
396,Trevor Wilson\wilsotr01,PF,25,SAC,52,1095,11.5,0.505,0.006,0.40399999999999997,10.5,14.0,12.2,8.4,1.5,0.6,17.5,19.2,,-0.1,0.7,0.5,0.023,,-2.4,-0.7,-3.2,-0.3,West
397,David Wingate\wingada01,SG,30,CHH,50,1005,10.8,0.507,0.042,0.18,3.4,11.1,7.4,14.4,2.1,0.4,14.8,15.2,,0.3,0.6,1.0,0.046,,-1.8,-0.1,-1.9,0.0,East
398,David Wood\woodda01,PF,29,DET,78,1182,11.1,0.546,0.18899999999999997,0.317,9.6,12.8,11.2,6.1,1.7,1.0,10.6,12.2,,1.7,0.6,2.3,0.095,,-0.6,0.0,-0.7,0.4,East
399,Randy Woods\woodsra01,PG,23,LAC,40,352,12.8,0.489,0.586,0.263,4.0,4.8,4.4,28.6,3.3,0.3,18.6,21.4,,0.0,0.2,0.3,0.035,,0.5,-2.8,-2.3,0.0,West
400,Orlando Woolridge\woolror01,SF,34,PHI,74,1955,13.9,0.517,0.018000000000000002,0.391,5.8,11.0,8.4,11.9,1.1,1.7,13.6,23.3,,0.7,0.7,1.5,0.036000000000000004,,-1.7,-1.5,-3.2,-0.6,East
401,Haywoode Workman\workmha01,PG,28,IND,65,1714,12.9,0.49,0.122,0.252,2.2,11.2,6.9,34.3,2.6,0.2,22.8,16.9,,0.7,2.2,2.8,0.08,,-1.0,0.1,-0.9,0.5,East
402,James Worthy*\worthja01,SF,32,LAL,80,1597,12.8,0.452,0.132,0.161,3.1,9.4,6.2,15.6,1.4,0.7,9.8,26.2,,-0.5,0.5,0.1,0.002,,-2.1,-3.1,-5.2,-1.3,West
403,Luther Wright\wrighlu01,C,22,UTA,15,92,-0.4,0.384,0.043,0.174,7.6,4.9,6.3,0.0,0.6,1.5,19.5,14.8,,-0.2,0.1,-0.1,-0.064,,-7.6,-2.4,-10.1,-0.2,West
